building	effect	effect_scope	value	value_damaged	value_ruined	context_requirement
#building_effects_junction_tables;0;db/building_effects_junction_tables/derpy_great_guilds						
wh2_dlc10_hef_aesanar_camp	derpy_gg_built_overseers_hef	building_to_building_own	1.0000	1.0000	0.0000	
wh2_dlc10_hef_handmaidens_alarielle	derpy_gg_built_overseers_hef	building_to_building_own	1.0000	1.0000	0.0000	
wh2_dlc10_hef_hunters_3	derpy_gg_built_overseers_hef	building_to_building_own	1.0000	1.0000	0.0000	
wh2_dlc10_special_world_root_entrance_1	derpy_gg_built_overseers_hef	building_to_building_own	1.0000	1.0000	0.0000	
wh2_dlc10_special_world_root_entrance_2	derpy_gg_built_overseers_hef	building_to_building_own	1.0000	1.0000	0.0000	
wh2_dlc10_special_world_root_entrance_3	derpy_gg_built_overseers_hef	building_to_building_own	1.0000	1.0000	0.0000	
wh2_dlc11_horde_def_aristocracy_1	derpy_gg_built_overseers_def	building_to_building_own	1.0000	1.0000	0.0000	
wh2_dlc11_horde_def_aristocracy_2	derpy_gg_built_overseers_def	building_to_building_own	1.0000	1.0000	0.0000	
wh2_dlc11_horde_def_exiles_1	derpy_gg_built_overseers_def	building_to_building_own	1.0000	1.0000	0.0000	
wh2_dlc11_horde_def_exiles_2	derpy_gg_built_overseers_def	building_to_building_own	1.0000	1.0000	0.0000	
wh2_dlc11_horde_def_residence_1	derpy_gg_built_overseers_def	building_to_building_own	1.0000	1.0000	0.0000	
wh2_dlc11_horde_def_residence_2	derpy_gg_built_overseers_def	building_to_building_own	1.0000	1.0000	0.0000	
wh2_dlc11_horde_def_residence_3	derpy_gg_built_overseers_def	building_to_building_own	1.0000	1.0000	0.0000	
wh2_dlc11_horde_def_riders_1	derpy_gg_built_overseers_def	building_to_building_own	1.0000	1.0000	0.0000	
wh2_dlc11_horde_def_riders_2	derpy_gg_built_overseers_def	building_to_building_own	1.0000	1.0000	0.0000	
wh2_dlc14_special_copher_port_1_brettonia	derpy_gg_built_brass_brt	building_to_building_own	1.0000	1.0000	0.0000	
wh2_dlc14_special_copher_port_2_bretonnia	derpy_gg_built_brass_brt	building_to_building_own	1.0000	1.0000	0.0000	
wh2_dlc14_special_copher_port_ruin_bretonnia	derpy_gg_built_brass_brt	building_to_building_own	1.0000	1.0000	0.0000	
wh2_dlc14_special_fyrus_holy_monastery	derpy_gg_built_overseers_brt	building_to_building_own	1.0000	1.0000	0.0000	
wh2_dlc15_hef_field_hq_1	derpy_gg_built_overseers_hef	building_to_building_own	1.0000	1.0000	0.0000	
wh2_dlc15_hef_field_hq_2	derpy_gg_built_overseers_hef	building_to_building_own	1.0000	1.0000	0.0000	
wh2_dlc15_hef_field_hq_3	derpy_gg_built_overseers_hef	building_to_building_own	1.0000	1.0000	0.0000	
wh2_dlc15_special_graves_of_the_dragons_2_hef	derpy_gg_built_overseers_hef	building_to_building_own	1.0000	1.0000	0.0000	
wh2_dlc15_special_graves_of_the_dragons_dwf	derpy_gg_built_overseers_dwf	building_to_building_own	1.0000	1.0000	0.0000	
wh2_dlc15_special_graves_of_the_dragons_hef	derpy_gg_built_overseers_hef	building_to_building_own	1.0000	1.0000	0.0000	
wh2_dlc15_special_settlement_massif_orcal_brt_1	derpy_gg_built_overseers_brt	building_to_building_own	1.0000	1.0000	0.0000	
wh2_dlc15_special_settlement_massif_orcal_brt_2	derpy_gg_built_overseers_brt	building_to_building_own	1.0000	1.0000	0.0000	
wh2_dlc15_special_settlement_massif_orcal_brt_3	derpy_gg_built_overseers_brt	building_to_building_own	1.0000	1.0000	0.0000	
wh2_dlc15_special_settlement_massif_orcal_brt_4	derpy_gg_built_overseers_brt	building_to_building_own	1.0000	1.0000	0.0000	
wh2_dlc15_special_settlement_massif_orcal_brt_5	derpy_gg_built_overseers_brt	building_to_building_own	1.0000	1.0000	0.0000	
wh2_dlc15_special_settlement_tor_yvresse_def_1	derpy_gg_built_overseers_def	building_to_building_own	1.0000	1.0000	0.0000	
wh2_dlc15_special_settlement_tor_yvresse_def_2	derpy_gg_built_overseers_def	building_to_building_own	1.0000	1.0000	0.0000	
wh2_dlc15_special_settlement_tor_yvresse_def_3	derpy_gg_built_overseers_def	building_to_building_own	1.0000	1.0000	0.0000	
wh2_dlc15_special_settlement_tor_yvresse_def_4	derpy_gg_built_overseers_def	building_to_building_own	1.0000	1.0000	0.0000	
wh2_dlc15_special_settlement_tor_yvresse_def_5	derpy_gg_built_overseers_def	building_to_building_own	1.0000	1.0000	0.0000	
wh2_dlc15_special_settlement_tor_yvresse_eltharion_1	derpy_gg_built_overseers_hef	building_to_building_own	1.0000	1.0000	0.0000	
wh2_dlc15_special_settlement_tor_yvresse_eltharion_2	derpy_gg_built_overseers_hef	building_to_building_own	1.0000	1.0000	0.0000	
wh2_dlc15_special_settlement_tor_yvresse_eltharion_3	derpy_gg_built_overseers_hef	building_to_building_own	1.0000	1.0000	0.0000	
wh2_dlc15_special_settlement_tor_yvresse_eltharion_4	derpy_gg_built_overseers_hef	building_to_building_own	1.0000	1.0000	0.0000	
wh2_dlc15_special_settlement_tor_yvresse_eltharion_5	derpy_gg_built_overseers_hef	building_to_building_own	1.0000	1.0000	0.0000	
wh2_dlc15_special_settlement_tor_yvresse_hef_1	derpy_gg_built_overseers_hef	building_to_building_own	1.0000	1.0000	0.0000	
wh2_dlc15_special_settlement_tor_yvresse_hef_2	derpy_gg_built_overseers_hef	building_to_building_own	1.0000	1.0000	0.0000	
wh2_dlc15_special_settlement_tor_yvresse_hef_3	derpy_gg_built_overseers_hef	building_to_building_own	1.0000	1.0000	0.0000	
wh2_dlc15_special_settlement_tor_yvresse_hef_4	derpy_gg_built_overseers_hef	building_to_building_own	1.0000	1.0000	0.0000	
wh2_dlc15_special_settlement_tor_yvresse_hef_5	derpy_gg_built_overseers_hef	building_to_building_own	1.0000	1.0000	0.0000	
wh2_dlc17_special_ironbrows_workshop	derpy_gg_built_daemonsmiths_dwf	building_to_building_own	1.0000	1.0000	0.0000	
wh2_dlc17_special_lost_underway_junction	derpy_gg_built_overseers_dwf	building_to_building_own	1.0000	1.0000	0.0000	
wh2_main_brt_defence_norsca_1	derpy_gg_built_immortals_brt	building_to_building_own	1.0000	1.0000	0.0000	
wh2_main_brt_resource_animals_1	derpy_gg_built_brass_brt	building_to_building_own	1.0000	1.0000	0.0000	
wh2_main_brt_resource_animals_2	derpy_gg_built_brass_brt	building_to_building_own	1.0000	1.0000	0.0000	
wh2_main_brt_resource_animals_3	derpy_gg_built_brass_brt	building_to_building_own	1.0000	1.0000	0.0000	
wh2_main_brt_resource_dyes_1	derpy_gg_built_brass_brt	building_to_building_own	1.0000	1.0000	0.0000	
wh2_main_brt_resource_dyes_2	derpy_gg_built_brass_brt	building_to_building_own	1.0000	1.0000	0.0000	
wh2_main_brt_resource_dyes_3	derpy_gg_built_brass_brt	building_to_building_own	1.0000	1.0000	0.0000	
wh2_main_brt_resource_furs_1	derpy_gg_built_brass_brt	building_to_building_own	1.0000	1.0000	0.0000	
wh2_main_brt_resource_furs_2	derpy_gg_built_brass_brt	building_to_building_own	1.0000	1.0000	0.0000	
wh2_main_brt_resource_furs_3	derpy_gg_built_brass_brt	building_to_building_own	1.0000	1.0000	0.0000	
wh2_main_brt_resource_gemstones_1	derpy_gg_built_brass_brt	building_to_building_own	1.0000	1.0000	0.0000	
wh2_main_brt_resource_gemstones_2	derpy_gg_built_brass_brt	building_to_building_own	1.0000	1.0000	0.0000	
wh2_main_brt_resource_gemstones_3	derpy_gg_built_brass_brt	building_to_building_own	1.0000	1.0000	0.0000	
wh2_main_brt_resource_gold_1	derpy_gg_built_brass_brt	building_to_building_own	1.0000	1.0000	0.0000	
wh2_main_brt_resource_gold_2	derpy_gg_built_brass_brt	building_to_building_own	1.0000	1.0000	0.0000	
wh2_main_brt_resource_gold_3	derpy_gg_built_brass_brt	building_to_building_own	1.0000	1.0000	0.0000	
wh2_main_brt_resource_iron_1	derpy_gg_built_brass_brt	building_to_building_own	1.0000	1.0000	0.0000	
wh2_main_brt_resource_iron_2	derpy_gg_built_brass_brt	building_to_building_own	1.0000	1.0000	0.0000	
wh2_main_brt_resource_iron_3	derpy_gg_built_brass_brt	building_to_building_own	1.0000	1.0000	0.0000	
wh2_main_brt_resource_marble_1	derpy_gg_built_brass_brt	building_to_building_own	1.0000	1.0000	0.0000	
wh2_main_brt_resource_marble_2	derpy_gg_built_brass_brt	building_to_building_own	1.0000	1.0000	0.0000	
wh2_main_brt_resource_marble_3	derpy_gg_built_brass_brt	building_to_building_own	1.0000	1.0000	0.0000	
wh2_main_brt_resource_medicine_1	derpy_gg_built_brass_brt	building_to_building_own	1.0000	1.0000	0.0000	
wh2_main_brt_resource_medicine_2	derpy_gg_built_brass_brt	building_to_building_own	1.0000	1.0000	0.0000	
wh2_main_brt_resource_medicine_3	derpy_gg_built_brass_brt	building_to_building_own	1.0000	1.0000	0.0000	
wh2_main_brt_resource_obsidian_1	derpy_gg_built_brass_brt	building_to_building_own	1.0000	1.0000	0.0000	
wh2_main_brt_resource_obsidian_2	derpy_gg_built_brass_brt	building_to_building_own	1.0000	1.0000	0.0000	
wh2_main_brt_resource_obsidian_3	derpy_gg_built_brass_brt	building_to_building_own	1.0000	1.0000	0.0000	
wh2_main_brt_resource_pastures_1	derpy_gg_built_brass_brt	building_to_building_own	1.0000	1.0000	0.0000	
wh2_main_brt_resource_pastures_2	derpy_gg_built_brass_brt	building_to_building_own	1.0000	1.0000	0.0000	
wh2_main_brt_resource_pastures_3	derpy_gg_built_brass_brt	building_to_building_own	1.0000	1.0000	0.0000	
wh2_main_brt_resource_pottery_1	derpy_gg_built_brass_brt	building_to_building_own	1.0000	1.0000	0.0000	
wh2_main_brt_resource_pottery_2	derpy_gg_built_brass_brt	building_to_building_own	1.0000	1.0000	0.0000	
wh2_main_brt_resource_pottery_3	derpy_gg_built_brass_brt	building_to_building_own	1.0000	1.0000	0.0000	
wh2_main_brt_resource_salt_1	derpy_gg_built_brass_brt	building_to_building_own	1.0000	1.0000	0.0000	
wh2_main_brt_resource_salt_2	derpy_gg_built_brass_brt	building_to_building_own	1.0000	1.0000	0.0000	
wh2_main_brt_resource_salt_3	derpy_gg_built_brass_brt	building_to_building_own	1.0000	1.0000	0.0000	
wh2_main_brt_resource_spices_1	derpy_gg_built_brass_brt	building_to_building_own	1.0000	1.0000	0.0000	
wh2_main_brt_resource_spices_2	derpy_gg_built_brass_brt	building_to_building_own	1.0000	1.0000	0.0000	
wh2_main_brt_resource_spices_3	derpy_gg_built_brass_brt	building_to_building_own	1.0000	1.0000	0.0000	
wh2_main_brt_resource_timber_1	derpy_gg_built_brass_brt	building_to_building_own	1.0000	1.0000	0.0000	
wh2_main_brt_resource_timber_2	derpy_gg_built_brass_brt	building_to_building_own	1.0000	1.0000	0.0000	
wh2_main_brt_resource_timber_3	derpy_gg_built_brass_brt	building_to_building_own	1.0000	1.0000	0.0000	
wh2_main_brt_resource_wine_1	derpy_gg_built_brass_brt	building_to_building_own	1.0000	1.0000	0.0000	
wh2_main_brt_resource_wine_2	derpy_gg_built_brass_brt	building_to_building_own	1.0000	1.0000	0.0000	
wh2_main_brt_resource_wine_3	derpy_gg_built_brass_brt	building_to_building_own	1.0000	1.0000	0.0000	
wh2_main_def_barracks_1	derpy_gg_built_immortals_def	building_to_building_own	1.0000	1.0000	0.0000	
wh2_main_def_barracks_2	derpy_gg_built_immortals_def	building_to_building_own	1.0000	1.0000	0.0000	
wh2_main_def_barracks_3	derpy_gg_built_immortals_def	building_to_building_own	1.0000	1.0000	0.0000	
wh2_main_def_beasts_1	derpy_gg_built_immortals_def	building_to_building_own	1.0000	1.0000	0.0000	
wh2_main_def_beasts_2	derpy_gg_built_immortals_def	building_to_building_own	1.0000	1.0000	0.0000	
wh2_main_def_beasts_3	derpy_gg_built_immortals_def	building_to_building_own	1.0000	1.0000	0.0000	
wh2_main_def_coldones_1	derpy_gg_built_overseers_def	building_to_building_own	1.0000	1.0000	0.0000	
wh2_main_def_coldones_2	derpy_gg_built_overseers_def	building_to_building_own	1.0000	1.0000	0.0000	
wh2_main_def_defence_major_1	derpy_gg_built_immortals_def	building_to_building_own	1.0000	1.0000	0.0000	
wh2_main_def_defence_major_2	derpy_gg_built_immortals_def	building_to_building_own	1.0000	1.0000	0.0000	
wh2_main_def_defence_major_3	derpy_gg_built_immortals_def	building_to_building_own	1.0000	1.0000	0.0000	
wh2_main_def_defence_minor_1	derpy_gg_built_immortals_def	building_to_building_own	1.0000	1.0000	0.0000	
wh2_main_def_defence_minor_2	derpy_gg_built_immortals_def	building_to_building_own	1.0000	1.0000	0.0000	
wh2_main_def_defence_norsca_1	derpy_gg_built_immortals_def	building_to_building_own	1.0000	1.0000	0.0000	
wh2_main_def_exiles_1	derpy_gg_built_overseers_def	building_to_building_own	1.0000	1.0000	0.0000	
wh2_main_def_exiles_2	derpy_gg_built_overseers_def	building_to_building_own	1.0000	1.0000	0.0000	
wh2_main_def_farm_1	derpy_gg_built_overseers_def	building_to_building_own	1.0000	1.0000	0.0000	
wh2_main_def_farm_2	derpy_gg_built_overseers_def	building_to_building_own	1.0000	1.0000	0.0000	
wh2_main_def_farm_3	derpy_gg_built_overseers_def	building_to_building_own	1.0000	1.0000	0.0000	
wh2_main_def_industry_1	derpy_gg_built_overseers_def	building_to_building_own	1.0000	1.0000	0.0000	
wh2_main_def_industry_2	derpy_gg_built_overseers_def	building_to_building_own	1.0000	1.0000	0.0000	
wh2_main_def_industry_3	derpy_gg_built_overseers_def	building_to_building_own	1.0000	1.0000	0.0000	
wh2_main_def_murder_1	derpy_gg_built_overseers_def	building_to_building_own	1.0000	1.0000	0.0000	
wh2_main_def_murder_2	derpy_gg_built_overseers_def	building_to_building_own	1.0000	1.0000	0.0000	
wh2_main_def_order_1	derpy_gg_built_overseers_def	building_to_building_own	1.0000	1.0000	0.0000	
wh2_main_def_order_2	derpy_gg_built_overseers_def	building_to_building_own	1.0000	1.0000	0.0000	
wh2_main_def_order_3	derpy_gg_built_overseers_def	building_to_building_own	1.0000	1.0000	0.0000	
wh2_main_def_pleasure_cult_1	derpy_gg_built_overseers_def	building_to_building_own	1.0000	1.0000	0.0000	
wh2_main_def_pleasure_cult_2	derpy_gg_built_overseers_def	building_to_building_own	1.0000	1.0000	0.0000	
wh2_main_def_pleasure_cult_3	derpy_gg_built_overseers_def	building_to_building_own	1.0000	1.0000	0.0000	
wh2_main_def_pleasure_cult_4	derpy_gg_built_overseers_def	building_to_building_own	1.0000	1.0000	0.0000	
wh2_main_def_pleasure_cult_5	derpy_gg_built_overseers_def	building_to_building_own	1.0000	1.0000	0.0000	
wh2_main_def_port_1	derpy_gg_built_brass_def	building_to_building_own	1.0000	1.0000	0.0000	
wh2_main_def_port_2	derpy_gg_built_brass_def	building_to_building_own	1.0000	1.0000	0.0000	
wh2_main_def_port_3	derpy_gg_built_brass_def	building_to_building_own	1.0000	1.0000	0.0000	
wh2_main_def_resource_animals_1	derpy_gg_built_brass_def	building_to_building_own	1.0000	1.0000	0.0000	
wh2_main_def_resource_animals_2	derpy_gg_built_brass_def	building_to_building_own	1.0000	1.0000	0.0000	
wh2_main_def_resource_animals_3	derpy_gg_built_brass_def	building_to_building_own	1.0000	1.0000	0.0000	
wh2_main_def_resource_dyes_1	derpy_gg_built_brass_def	building_to_building_own	1.0000	1.0000	0.0000	
wh2_main_def_resource_dyes_2	derpy_gg_built_brass_def	building_to_building_own	1.0000	1.0000	0.0000	
wh2_main_def_resource_dyes_3	derpy_gg_built_brass_def	building_to_building_own	1.0000	1.0000	0.0000	
wh2_main_def_resource_furs_1	derpy_gg_built_brass_def	building_to_building_own	1.0000	1.0000	0.0000	
wh2_main_def_resource_furs_2	derpy_gg_built_brass_def	building_to_building_own	1.0000	1.0000	0.0000	
wh2_main_def_resource_furs_3	derpy_gg_built_brass_def	building_to_building_own	1.0000	1.0000	0.0000	
wh2_main_def_resource_gems_1	derpy_gg_built_brass_def	building_to_building_own	1.0000	1.0000	0.0000	
wh2_main_def_resource_gems_2	derpy_gg_built_brass_def	building_to_building_own	1.0000	1.0000	0.0000	
wh2_main_def_resource_gems_3	derpy_gg_built_brass_def	building_to_building_own	1.0000	1.0000	0.0000	
wh2_main_def_resource_gold_1	derpy_gg_built_brass_def	building_to_building_own	1.0000	1.0000	0.0000	
wh2_main_def_resource_gold_2	derpy_gg_built_brass_def	building_to_building_own	1.0000	1.0000	0.0000	
wh2_main_def_resource_gold_3	derpy_gg_built_brass_def	building_to_building_own	1.0000	1.0000	0.0000	
wh2_main_def_resource_iron_1	derpy_gg_built_brass_def	building_to_building_own	1.0000	1.0000	0.0000	
wh2_main_def_resource_iron_2	derpy_gg_built_brass_def	building_to_building_own	1.0000	1.0000	0.0000	
wh2_main_def_resource_iron_3	derpy_gg_built_brass_def	building_to_building_own	1.0000	1.0000	0.0000	
wh2_main_def_resource_marble_1	derpy_gg_built_brass_def	building_to_building_own	1.0000	1.0000	0.0000	
wh2_main_def_resource_marble_2	derpy_gg_built_brass_def	building_to_building_own	1.0000	1.0000	0.0000	
wh2_main_def_resource_marble_3	derpy_gg_built_brass_def	building_to_building_own	1.0000	1.0000	0.0000	
wh2_main_def_resource_medicine_1	derpy_gg_built_brass_def	building_to_building_own	1.0000	1.0000	0.0000	
wh2_main_def_resource_medicine_2	derpy_gg_built_brass_def	building_to_building_own	1.0000	1.0000	0.0000	
wh2_main_def_resource_medicine_3	derpy_gg_built_brass_def	building_to_building_own	1.0000	1.0000	0.0000	
wh2_main_def_resource_obsidian_1	derpy_gg_built_brass_def	building_to_building_own	1.0000	1.0000	0.0000	
wh2_main_def_resource_obsidian_2	derpy_gg_built_brass_def	building_to_building_own	1.0000	1.0000	0.0000	
wh2_main_def_resource_obsidian_3	derpy_gg_built_brass_def	building_to_building_own	1.0000	1.0000	0.0000	
wh2_main_def_resource_pasture_1	derpy_gg_built_brass_def	building_to_building_own	1.0000	1.0000	0.0000	
wh2_main_def_resource_pasture_2	derpy_gg_built_brass_def	building_to_building_own	1.0000	1.0000	0.0000	
wh2_main_def_resource_pasture_3	derpy_gg_built_brass_def	building_to_building_own	1.0000	1.0000	0.0000	
wh2_main_def_resource_pottery_1	derpy_gg_built_brass_def	building_to_building_own	1.0000	1.0000	0.0000	
wh2_main_def_resource_pottery_2	derpy_gg_built_brass_def	building_to_building_own	1.0000	1.0000	0.0000	
wh2_main_def_resource_pottery_3	derpy_gg_built_brass_def	building_to_building_own	1.0000	1.0000	0.0000	
wh2_main_def_resource_salt_1	derpy_gg_built_brass_def	building_to_building_own	1.0000	1.0000	0.0000	
wh2_main_def_resource_salt_2	derpy_gg_built_brass_def	building_to_building_own	1.0000	1.0000	0.0000	
wh2_main_def_resource_salt_3	derpy_gg_built_brass_def	building_to_building_own	1.0000	1.0000	0.0000	
wh2_main_def_resource_spices_1	derpy_gg_built_brass_def	building_to_building_own	1.0000	1.0000	0.0000	
wh2_main_def_resource_spices_2	derpy_gg_built_brass_def	building_to_building_own	1.0000	1.0000	0.0000	
wh2_main_def_resource_spices_3	derpy_gg_built_brass_def	building_to_building_own	1.0000	1.0000	0.0000	
wh2_main_def_resource_wine_1	derpy_gg_built_brass_def	building_to_building_own	1.0000	1.0000	0.0000	
wh2_main_def_resource_wine_2	derpy_gg_built_brass_def	building_to_building_own	1.0000	1.0000	0.0000	
wh2_main_def_resource_wine_3	derpy_gg_built_brass_def	building_to_building_own	1.0000	1.0000	0.0000	
wh2_main_def_resource_wood_1	derpy_gg_built_brass_def	building_to_building_own	1.0000	1.0000	0.0000	
wh2_main_def_resource_wood_2	derpy_gg_built_brass_def	building_to_building_own	1.0000	1.0000	0.0000	
wh2_main_def_resource_wood_3	derpy_gg_built_brass_def	building_to_building_own	1.0000	1.0000	0.0000	
wh2_main_def_riders_1	derpy_gg_built_overseers_def	building_to_building_own	1.0000	1.0000	0.0000	
wh2_main_def_riders_2	derpy_gg_built_overseers_def	building_to_building_own	1.0000	1.0000	0.0000	
wh2_main_def_roads_1	derpy_gg_built_overseers_def	building_to_building_own	1.0000	1.0000	0.0000	
wh2_main_def_settlement_major_1	derpy_gg_built_overseers_def	building_to_building_own	1.0000	1.0000	0.0000	
wh2_main_def_settlement_major_2	derpy_gg_built_overseers_def	building_to_building_own	1.0000	1.0000	0.0000	
wh2_main_def_settlement_major_3	derpy_gg_built_overseers_def	building_to_building_own	1.0000	1.0000	0.0000	
wh2_main_def_settlement_major_4	derpy_gg_built_overseers_def	building_to_building_own	1.0000	1.0000	0.0000	
wh2_main_def_settlement_major_5	derpy_gg_built_overseers_def	building_to_building_own	1.0000	1.0000	0.0000	
wh2_main_def_settlement_minor_1	derpy_gg_built_overseers_def	building_to_building_own	1.0000	1.0000	0.0000	
wh2_main_def_settlement_minor_2	derpy_gg_built_overseers_def	building_to_building_own	1.0000	1.0000	0.0000	
wh2_main_def_settlement_minor_3	derpy_gg_built_overseers_def	building_to_building_own	1.0000	1.0000	0.0000	
wh2_main_def_slaves_1	derpy_gg_built_slavers_def	building_to_building_own	1.0000	1.0000	0.0000	
wh2_main_def_slaves_2	derpy_gg_built_slavers_def	building_to_building_own	1.0000	1.0000	0.0000	
wh2_main_def_sorcery_1	derpy_gg_built_overseers_def	building_to_building_own	1.0000	1.0000	0.0000	
wh2_main_def_sorcery_2	derpy_gg_built_overseers_def	building_to_building_own	1.0000	1.0000	0.0000	
wh2_main_def_worship_1	derpy_gg_built_overseers_def	building_to_building_own	1.0000	1.0000	0.0000	
wh2_main_def_worship_2	derpy_gg_built_overseers_def	building_to_building_own	1.0000	1.0000	0.0000	
wh2_main_def_worship_3	derpy_gg_built_overseers_def	building_to_building_own	1.0000	1.0000	0.0000	
wh2_main_dwf_defence_norsca_1	derpy_gg_built_immortals_dwf	building_to_building_own	1.0000	1.0000	0.0000	
wh2_main_dwf_resource_animals_1	derpy_gg_built_brass_dwf	building_to_building_own	1.0000	1.0000	0.0000	
wh2_main_dwf_resource_animals_2	derpy_gg_built_brass_dwf	building_to_building_own	1.0000	1.0000	0.0000	
wh2_main_dwf_resource_animals_3	derpy_gg_built_brass_dwf	building_to_building_own	1.0000	1.0000	0.0000	
wh2_main_dwf_resource_animals_4	derpy_gg_built_brass_dwf	building_to_building_own	1.0000	1.0000	0.0000	
wh2_main_dwf_resource_medicine_1	derpy_gg_built_brass_dwf	building_to_building_own	1.0000	1.0000	0.0000	
wh2_main_dwf_resource_medicine_2	derpy_gg_built_brass_dwf	building_to_building_own	1.0000	1.0000	0.0000	
wh2_main_dwf_resource_medicine_3	derpy_gg_built_brass_dwf	building_to_building_own	1.0000	1.0000	0.0000	
wh2_main_dwf_resource_medicine_4	derpy_gg_built_brass_dwf	building_to_building_own	1.0000	1.0000	0.0000	
wh2_main_dwf_resource_obsidian_1	derpy_gg_built_brass_dwf	building_to_building_own	1.0000	1.0000	0.0000	
wh2_main_dwf_resource_obsidian_2	derpy_gg_built_brass_dwf	building_to_building_own	1.0000	1.0000	0.0000	
wh2_main_dwf_resource_obsidian_3	derpy_gg_built_brass_dwf	building_to_building_own	1.0000	1.0000	0.0000	
wh2_main_dwf_resource_obsidian_4	derpy_gg_built_brass_dwf	building_to_building_own	1.0000	1.0000	0.0000	
wh2_main_dwf_resource_pottery_1	derpy_gg_built_brass_dwf	building_to_building_own	1.0000	1.0000	0.0000	
wh2_main_dwf_resource_pottery_2	derpy_gg_built_brass_dwf	building_to_building_own	1.0000	1.0000	0.0000	
wh2_main_dwf_resource_pottery_3	derpy_gg_built_brass_dwf	building_to_building_own	1.0000	1.0000	0.0000	
wh2_main_dwf_resource_pottery_4	derpy_gg_built_brass_dwf	building_to_building_own	1.0000	1.0000	0.0000	
wh2_main_dwf_resource_spices_1	derpy_gg_built_brass_dwf	building_to_building_own	1.0000	1.0000	0.0000	
wh2_main_dwf_resource_spices_2	derpy_gg_built_brass_dwf	building_to_building_own	1.0000	1.0000	0.0000	
wh2_main_dwf_resource_spices_3	derpy_gg_built_brass_dwf	building_to_building_own	1.0000	1.0000	0.0000	
wh2_main_dwf_resource_spices_4	derpy_gg_built_brass_dwf	building_to_building_own	1.0000	1.0000	0.0000	
wh2_main_dwf_resource_wine_1	derpy_gg_built_brass_dwf	building_to_building_own	1.0000	1.0000	0.0000	
wh2_main_dwf_resource_wine_2	derpy_gg_built_brass_dwf	building_to_building_own	1.0000	1.0000	0.0000	
wh2_main_dwf_resource_wine_3	derpy_gg_built_brass_dwf	building_to_building_own	1.0000	1.0000	0.0000	
wh2_main_dwf_resource_wine_4	derpy_gg_built_brass_dwf	building_to_building_own	1.0000	1.0000	0.0000	
wh2_main_emp_defence_norsca_1	derpy_gg_built_immortals_emp	building_to_building_own	1.0000	1.0000	0.0000	
wh2_main_emp_resource_animals_1	derpy_gg_built_brass_emp	building_to_building_own	1.0000	1.0000	0.0000	
wh2_main_emp_resource_animals_2	derpy_gg_built_brass_emp	building_to_building_own	1.0000	1.0000	0.0000	
wh2_main_emp_resource_animals_3	derpy_gg_built_brass_emp	building_to_building_own	1.0000	1.0000	0.0000	
wh2_main_emp_resource_gemstones_1	derpy_gg_built_brass_emp	building_to_building_own	1.0000	1.0000	0.0000	
wh2_main_emp_resource_gemstones_2	derpy_gg_built_brass_emp	building_to_building_own	1.0000	1.0000	0.0000	
wh2_main_emp_resource_gemstones_3	derpy_gg_built_brass_emp	building_to_building_own	1.0000	1.0000	0.0000	
wh2_main_emp_resource_medicine_1	derpy_gg_built_brass_emp	building_to_building_own	1.0000	1.0000	0.0000	
wh2_main_emp_resource_medicine_2	derpy_gg_built_brass_emp	building_to_building_own	1.0000	1.0000	0.0000	
wh2_main_emp_resource_medicine_3	derpy_gg_built_brass_emp	building_to_building_own	1.0000	1.0000	0.0000	
wh2_main_emp_resource_obsidian_1	derpy_gg_built_brass_emp	building_to_building_own	1.0000	1.0000	0.0000	
wh2_main_emp_resource_obsidian_2	derpy_gg_built_brass_emp	building_to_building_own	1.0000	1.0000	0.0000	
wh2_main_emp_resource_obsidian_3	derpy_gg_built_brass_emp	building_to_building_own	1.0000	1.0000	0.0000	
wh2_main_emp_resource_spices_1	derpy_gg_built_brass_emp	building_to_building_own	1.0000	1.0000	0.0000	
wh2_main_emp_resource_spices_2	derpy_gg_built_brass_emp	building_to_building_own	1.0000	1.0000	0.0000	
wh2_main_emp_resource_spices_3	derpy_gg_built_brass_emp	building_to_building_own	1.0000	1.0000	0.0000	
wh2_main_emp_roads_1	derpy_gg_built_overseers_emp	building_to_building_own	1.0000	1.0000	0.0000	
wh2_main_emp_roads_2	derpy_gg_built_overseers_emp	building_to_building_own	1.0000	1.0000	0.0000	
wh2_main_foreign_slot_discovery_brt_1	derpy_gg_built_overseers_brt	building_to_building_own	1.0000	1.0000	0.0000	
wh2_main_foreign_slot_discovery_brt_2	derpy_gg_built_overseers_brt	building_to_building_own	1.0000	1.0000	0.0000	
wh2_main_foreign_slot_discovery_brt_3	derpy_gg_built_overseers_brt	building_to_building_own	1.0000	1.0000	0.0000	
wh2_main_foreign_slot_discovery_def_1	derpy_gg_built_overseers_def	building_to_building_own	1.0000	1.0000	0.0000	
wh2_main_foreign_slot_discovery_def_2	derpy_gg_built_overseers_def	building_to_building_own	1.0000	1.0000	0.0000	
wh2_main_foreign_slot_discovery_def_3	derpy_gg_built_overseers_def	building_to_building_own	1.0000	1.0000	0.0000	
wh2_main_foreign_slot_discovery_dwf_1	derpy_gg_built_overseers_dwf	building_to_building_own	1.0000	1.0000	0.0000	
wh2_main_foreign_slot_discovery_dwf_2	derpy_gg_built_overseers_dwf	building_to_building_own	1.0000	1.0000	0.0000	
wh2_main_foreign_slot_discovery_dwf_3	derpy_gg_built_overseers_dwf	building_to_building_own	1.0000	1.0000	0.0000	
wh2_main_foreign_slot_discovery_emp_1	derpy_gg_built_overseers_emp	building_to_building_own	1.0000	1.0000	0.0000	
wh2_main_foreign_slot_discovery_emp_2	derpy_gg_built_overseers_emp	building_to_building_own	1.0000	1.0000	0.0000	
wh2_main_foreign_slot_discovery_emp_3	derpy_gg_built_overseers_emp	building_to_building_own	1.0000	1.0000	0.0000	
wh2_main_foreign_slot_discovery_hef_1	derpy_gg_built_overseers_hef	building_to_building_own	1.0000	1.0000	0.0000	
wh2_main_foreign_slot_discovery_hef_2	derpy_gg_built_overseers_hef	building_to_building_own	1.0000	1.0000	0.0000	
wh2_main_foreign_slot_discovery_hef_3	derpy_gg_built_overseers_hef	building_to_building_own	1.0000	1.0000	0.0000	
wh2_main_hef_barracks_1	derpy_gg_built_immortals_hef	building_to_building_own	1.0000	1.0000	0.0000	
wh2_main_hef_barracks_2	derpy_gg_built_immortals_hef	building_to_building_own	1.0000	1.0000	0.0000	
wh2_main_hef_barracks_3	derpy_gg_built_immortals_hef	building_to_building_own	1.0000	1.0000	0.0000	
wh2_main_hef_court_1	derpy_gg_built_overseers_hef	building_to_building_own	1.0000	1.0000	0.0000	
wh2_main_hef_court_2	derpy_gg_built_overseers_hef	building_to_building_own	1.0000	1.0000	0.0000	
wh2_main_hef_defence_major_1	derpy_gg_built_immortals_hef	building_to_building_own	1.0000	1.0000	0.0000	
wh2_main_hef_defence_major_2	derpy_gg_built_immortals_hef	building_to_building_own	1.0000	1.0000	0.0000	
wh2_main_hef_defence_major_3	derpy_gg_built_immortals_hef	building_to_building_own	1.0000	1.0000	0.0000	
wh2_main_hef_defence_minor_1	derpy_gg_built_immortals_hef	building_to_building_own	1.0000	1.0000	0.0000	
wh2_main_hef_defence_minor_2	derpy_gg_built_immortals_hef	building_to_building_own	1.0000	1.0000	0.0000	
wh2_main_hef_defence_norsca_1	derpy_gg_built_immortals_hef	building_to_building_own	1.0000	1.0000	0.0000	
wh2_main_hef_dragons_1	derpy_gg_built_overseers_hef	building_to_building_own	1.0000	1.0000	0.0000	
wh2_main_hef_dragons_2	derpy_gg_built_overseers_hef	building_to_building_own	1.0000	1.0000	0.0000	
wh2_main_hef_embassy_1	derpy_gg_built_overseers_hef	building_to_building_own	1.0000	1.0000	0.0000	
wh2_main_hef_farm_1	derpy_gg_built_overseers_hef	building_to_building_own	1.0000	1.0000	0.0000	
wh2_main_hef_farm_2	derpy_gg_built_overseers_hef	building_to_building_own	1.0000	1.0000	0.0000	
wh2_main_hef_farm_3	derpy_gg_built_overseers_hef	building_to_building_own	1.0000	1.0000	0.0000	
wh2_main_hef_hunters_1	derpy_gg_built_overseers_hef	building_to_building_own	1.0000	1.0000	0.0000	
wh2_main_hef_hunters_2	derpy_gg_built_overseers_hef	building_to_building_own	1.0000	1.0000	0.0000	
wh2_main_hef_industry_1	derpy_gg_built_overseers_hef	building_to_building_own	1.0000	1.0000	0.0000	
wh2_main_hef_industry_2	derpy_gg_built_overseers_hef	building_to_building_own	1.0000	1.0000	0.0000	
wh2_main_hef_industry_3	derpy_gg_built_overseers_hef	building_to_building_own	1.0000	1.0000	0.0000	
wh2_main_hef_mages_1	derpy_gg_built_overseers_hef	building_to_building_own	1.0000	1.0000	0.0000	
wh2_main_hef_mages_2	derpy_gg_built_overseers_hef	building_to_building_own	1.0000	1.0000	0.0000	
wh2_main_hef_mages_3	derpy_gg_built_overseers_hef	building_to_building_own	1.0000	1.0000	0.0000	
wh2_main_hef_order_1	derpy_gg_built_overseers_hef	building_to_building_own	1.0000	1.0000	0.0000	
wh2_main_hef_order_2	derpy_gg_built_overseers_hef	building_to_building_own	1.0000	1.0000	0.0000	
wh2_main_hef_order_3	derpy_gg_built_overseers_hef	building_to_building_own	1.0000	1.0000	0.0000	
wh2_main_hef_order_4	derpy_gg_built_overseers_hef	building_to_building_own	1.0000	1.0000	0.0000	
wh2_main_hef_order_5	derpy_gg_built_overseers_hef	building_to_building_own	1.0000	1.0000	0.0000	
wh2_main_hef_port_1	derpy_gg_built_brass_hef	building_to_building_own	1.0000	1.0000	0.0000	
wh2_main_hef_port_2	derpy_gg_built_brass_hef	building_to_building_own	1.0000	1.0000	0.0000	
wh2_main_hef_port_3	derpy_gg_built_brass_hef	building_to_building_own	1.0000	1.0000	0.0000	
wh2_main_hef_resource_animals_1	derpy_gg_built_brass_hef	building_to_building_own	1.0000	1.0000	0.0000	
wh2_main_hef_resource_animals_2	derpy_gg_built_brass_hef	building_to_building_own	1.0000	1.0000	0.0000	
wh2_main_hef_resource_animals_3	derpy_gg_built_brass_hef	building_to_building_own	1.0000	1.0000	0.0000	
wh2_main_hef_resource_dyes_1	derpy_gg_built_brass_hef	building_to_building_own	1.0000	1.0000	0.0000	
wh2_main_hef_resource_dyes_2	derpy_gg_built_brass_hef	building_to_building_own	1.0000	1.0000	0.0000	
wh2_main_hef_resource_dyes_3	derpy_gg_built_brass_hef	building_to_building_own	1.0000	1.0000	0.0000	
wh2_main_hef_resource_furs_1	derpy_gg_built_brass_hef	building_to_building_own	1.0000	1.0000	0.0000	
wh2_main_hef_resource_furs_2	derpy_gg_built_brass_hef	building_to_building_own	1.0000	1.0000	0.0000	
wh2_main_hef_resource_furs_3	derpy_gg_built_brass_hef	building_to_building_own	1.0000	1.0000	0.0000	
wh2_main_hef_resource_gems_1	derpy_gg_built_brass_hef	building_to_building_own	1.0000	1.0000	0.0000	
wh2_main_hef_resource_gems_2	derpy_gg_built_brass_hef	building_to_building_own	1.0000	1.0000	0.0000	
wh2_main_hef_resource_gems_3	derpy_gg_built_brass_hef	building_to_building_own	1.0000	1.0000	0.0000	
wh2_main_hef_resource_gold_1	derpy_gg_built_brass_hef	building_to_building_own	1.0000	1.0000	0.0000	
wh2_main_hef_resource_gold_2	derpy_gg_built_brass_hef	building_to_building_own	1.0000	1.0000	0.0000	
wh2_main_hef_resource_gold_3	derpy_gg_built_brass_hef	building_to_building_own	1.0000	1.0000	0.0000	
wh2_main_hef_resource_iron_1	derpy_gg_built_brass_hef	building_to_building_own	1.0000	1.0000	0.0000	
wh2_main_hef_resource_iron_2	derpy_gg_built_brass_hef	building_to_building_own	1.0000	1.0000	0.0000	
wh2_main_hef_resource_iron_3	derpy_gg_built_brass_hef	building_to_building_own	1.0000	1.0000	0.0000	
wh2_main_hef_resource_marble_1	derpy_gg_built_brass_hef	building_to_building_own	1.0000	1.0000	0.0000	
wh2_main_hef_resource_marble_2	derpy_gg_built_brass_hef	building_to_building_own	1.0000	1.0000	0.0000	
wh2_main_hef_resource_marble_3	derpy_gg_built_brass_hef	building_to_building_own	1.0000	1.0000	0.0000	
wh2_main_hef_resource_medicine_1	derpy_gg_built_brass_hef	building_to_building_own	1.0000	1.0000	0.0000	
wh2_main_hef_resource_medicine_2	derpy_gg_built_brass_hef	building_to_building_own	1.0000	1.0000	0.0000	
wh2_main_hef_resource_medicine_3	derpy_gg_built_brass_hef	building_to_building_own	1.0000	1.0000	0.0000	
wh2_main_hef_resource_obsidian_1	derpy_gg_built_brass_hef	building_to_building_own	1.0000	1.0000	0.0000	
wh2_main_hef_resource_obsidian_2	derpy_gg_built_brass_hef	building_to_building_own	1.0000	1.0000	0.0000	
wh2_main_hef_resource_obsidian_3	derpy_gg_built_brass_hef	building_to_building_own	1.0000	1.0000	0.0000	
wh2_main_hef_resource_pasture_1	derpy_gg_built_brass_hef	building_to_building_own	1.0000	1.0000	0.0000	
wh2_main_hef_resource_pasture_2	derpy_gg_built_brass_hef	building_to_building_own	1.0000	1.0000	0.0000	
wh2_main_hef_resource_pasture_3	derpy_gg_built_brass_hef	building_to_building_own	1.0000	1.0000	0.0000	
wh2_main_hef_resource_pottery_1	derpy_gg_built_brass_hef	building_to_building_own	1.0000	1.0000	0.0000	
wh2_main_hef_resource_pottery_2	derpy_gg_built_brass_hef	building_to_building_own	1.0000	1.0000	0.0000	
wh2_main_hef_resource_pottery_3	derpy_gg_built_brass_hef	building_to_building_own	1.0000	1.0000	0.0000	
wh2_main_hef_resource_salt_1	derpy_gg_built_brass_hef	building_to_building_own	1.0000	1.0000	0.0000	
wh2_main_hef_resource_salt_2	derpy_gg_built_brass_hef	building_to_building_own	1.0000	1.0000	0.0000	
wh2_main_hef_resource_salt_3	derpy_gg_built_brass_hef	building_to_building_own	1.0000	1.0000	0.0000	
wh2_main_hef_resource_spices_1	derpy_gg_built_brass_hef	building_to_building_own	1.0000	1.0000	0.0000	
wh2_main_hef_resource_spices_2	derpy_gg_built_brass_hef	building_to_building_own	1.0000	1.0000	0.0000	
wh2_main_hef_resource_spices_3	derpy_gg_built_brass_hef	building_to_building_own	1.0000	1.0000	0.0000	
wh2_main_hef_resource_wine_1	derpy_gg_built_brass_hef	building_to_building_own	1.0000	1.0000	0.0000	
wh2_main_hef_resource_wine_2	derpy_gg_built_brass_hef	building_to_building_own	1.0000	1.0000	0.0000	
wh2_main_hef_resource_wine_3	derpy_gg_built_brass_hef	building_to_building_own	1.0000	1.0000	0.0000	
wh2_main_hef_resource_wood_1	derpy_gg_built_brass_hef	building_to_building_own	1.0000	1.0000	0.0000	
wh2_main_hef_resource_wood_2	derpy_gg_built_brass_hef	building_to_building_own	1.0000	1.0000	0.0000	
wh2_main_hef_resource_wood_3	derpy_gg_built_brass_hef	building_to_building_own	1.0000	1.0000	0.0000	
wh2_main_hef_settlement_major_1	derpy_gg_built_overseers_hef	building_to_building_own	1.0000	1.0000	0.0000	
wh2_main_hef_settlement_major_2	derpy_gg_built_overseers_hef	building_to_building_own	1.0000	1.0000	0.0000	
wh2_main_hef_settlement_major_3	derpy_gg_built_overseers_hef	building_to_building_own	1.0000	1.0000	0.0000	
wh2_main_hef_settlement_major_4	derpy_gg_built_overseers_hef	building_to_building_own	1.0000	1.0000	0.0000	
wh2_main_hef_settlement_major_5	derpy_gg_built_overseers_hef	building_to_building_own	1.0000	1.0000	0.0000	
wh2_main_hef_settlement_minor_1	derpy_gg_built_overseers_hef	building_to_building_own	1.0000	1.0000	0.0000	
wh2_main_hef_settlement_minor_2	derpy_gg_built_overseers_hef	building_to_building_own	1.0000	1.0000	0.0000	
wh2_main_hef_settlement_minor_3	derpy_gg_built_overseers_hef	building_to_building_own	1.0000	1.0000	0.0000	
wh2_main_hef_smith_1	derpy_gg_built_daemonsmiths_hef	building_to_building_own	1.0000	1.0000	0.0000	
wh2_main_hef_smith_2	derpy_gg_built_daemonsmiths_hef	building_to_building_own	1.0000	1.0000	0.0000	
wh2_main_hef_stables_1	derpy_gg_built_overseers_hef	building_to_building_own	1.0000	1.0000	0.0000	
wh2_main_hef_stables_2	derpy_gg_built_overseers_hef	building_to_building_own	1.0000	1.0000	0.0000	
wh2_main_hef_worship_1	derpy_gg_built_overseers_hef	building_to_building_own	1.0000	1.0000	0.0000	
wh2_main_hef_worship_2	derpy_gg_built_overseers_hef	building_to_building_own	1.0000	1.0000	0.0000	
wh2_main_hef_worship_3	derpy_gg_built_overseers_hef	building_to_building_own	1.0000	1.0000	0.0000	
wh2_main_horde_def_beasts_1	derpy_gg_built_immortals_def	building_to_building_own	1.0000	1.0000	0.0000	
wh2_main_horde_def_beasts_2	derpy_gg_built_immortals_def	building_to_building_own	1.0000	1.0000	0.0000	
wh2_main_horde_def_beasts_3	derpy_gg_built_immortals_def	building_to_building_own	1.0000	1.0000	0.0000	
wh2_main_horde_def_bombardment_a_1	derpy_gg_built_overseers_def	building_to_building_own	1.0000	1.0000	0.0000	
wh2_main_horde_def_bombardment_a_2	derpy_gg_built_overseers_def	building_to_building_own	1.0000	1.0000	0.0000	
wh2_main_horde_def_bombardment_b_1	derpy_gg_built_overseers_def	building_to_building_own	1.0000	1.0000	0.0000	
wh2_main_horde_def_bombardment_b_2	derpy_gg_built_overseers_def	building_to_building_own	1.0000	1.0000	0.0000	
wh2_main_horde_def_bombardment_c_1	derpy_gg_built_overseers_def	building_to_building_own	1.0000	1.0000	0.0000	
wh2_main_horde_def_bombardment_c_2	derpy_gg_built_overseers_def	building_to_building_own	1.0000	1.0000	0.0000	
wh2_main_horde_def_entertainment_1	derpy_gg_built_overseers_def	building_to_building_own	1.0000	1.0000	0.0000	
wh2_main_horde_def_entertainment_2	derpy_gg_built_overseers_def	building_to_building_own	1.0000	1.0000	0.0000	
wh2_main_horde_def_entertainment_3	derpy_gg_built_overseers_def	building_to_building_own	1.0000	1.0000	0.0000	
wh2_main_horde_def_military_1	derpy_gg_built_immortals_def	building_to_building_own	1.0000	1.0000	0.0000	
wh2_main_horde_def_military_2	derpy_gg_built_immortals_def	building_to_building_own	1.0000	1.0000	0.0000	
wh2_main_horde_def_military_3	derpy_gg_built_immortals_def	building_to_building_own	1.0000	1.0000	0.0000	
wh2_main_horde_def_settlement_1	derpy_gg_built_overseers_def	building_to_building_own	1.0000	1.0000	0.0000	
wh2_main_horde_def_settlement_2	derpy_gg_built_overseers_def	building_to_building_own	1.0000	1.0000	0.0000	
wh2_main_horde_def_settlement_3	derpy_gg_built_overseers_def	building_to_building_own	1.0000	1.0000	0.0000	
wh2_main_horde_def_settlement_4	derpy_gg_built_overseers_def	building_to_building_own	1.0000	1.0000	0.0000	
wh2_main_horde_def_settlement_5	derpy_gg_built_overseers_def	building_to_building_own	1.0000	1.0000	0.0000	
wh2_main_horde_def_slavery_1	derpy_gg_built_slavers_def	building_to_building_own	1.0000	1.0000	0.0000	
wh2_main_horde_def_slavery_2	derpy_gg_built_slavers_def	building_to_building_own	1.0000	1.0000	0.0000	
wh2_main_horde_def_slavery_3	derpy_gg_built_slavers_def	building_to_building_own	1.0000	1.0000	0.0000	
wh2_main_horde_def_sorcery_1	derpy_gg_built_overseers_def	building_to_building_own	1.0000	1.0000	0.0000	
wh2_main_horde_def_sorcery_2	derpy_gg_built_overseers_def	building_to_building_own	1.0000	1.0000	0.0000	
wh2_main_horde_def_special_blessed_dread_1	derpy_gg_built_overseers_def	building_to_building_own	1.0000	1.0000	0.0000	
wh2_main_horde_def_special_blessed_dread_2	derpy_gg_built_overseers_def	building_to_building_own	1.0000	1.0000	0.0000	
wh2_main_horde_def_worship_1	derpy_gg_built_overseers_def	building_to_building_own	1.0000	1.0000	0.0000	
wh2_main_horde_def_worship_2	derpy_gg_built_overseers_def	building_to_building_own	1.0000	1.0000	0.0000	
wh2_main_sch_special_parravon_peaks_brt_1	derpy_gg_built_overseers_brt	building_to_building_own	1.0000	1.0000	0.0000	
wh2_main_sch_special_parravon_peaks_hef_1	derpy_gg_built_overseers_hef	building_to_building_own	1.0000	1.0000	0.0000	
wh2_main_special_altar_of_ultimate_darkness	derpy_gg_built_overseers_def	building_to_building_own	1.0000	1.0000	0.0000	
wh2_main_special_altdorf_castle_reikguard	derpy_gg_built_overseers_emp	building_to_building_own	1.0000	1.0000	0.0000	
wh2_main_special_altdorf_castle_reikguard_stables	derpy_gg_built_overseers_emp	building_to_building_own	1.0000	1.0000	0.0000	
wh2_main_special_altdorf_imperial_palace	derpy_gg_built_overseers_emp	building_to_building_own	1.0000	1.0000	0.0000	
wh2_main_special_altdorf_imperial_palace_brt	derpy_gg_built_overseers_brt	building_to_building_own	1.0000	1.0000	0.0000	
wh2_main_special_ancestors_hall	derpy_gg_built_overseers_dwf	building_to_building_own	1.0000	1.0000	0.0000	
wh2_main_special_anlec_citadel_def	derpy_gg_built_overseers_def	building_to_building_own	1.0000	1.0000	0.0000	
wh2_main_special_anlec_citadel_hef	derpy_gg_built_overseers_hef	building_to_building_own	1.0000	1.0000	0.0000	
wh2_main_special_brewery	derpy_gg_built_overseers_dwf	building_to_building_own	1.0000	1.0000	0.0000	
wh2_main_special_clar_karond_lairs	derpy_gg_built_overseers_def	building_to_building_own	1.0000	1.0000	0.0000	
wh2_main_special_clar_karond_lairs_emp	derpy_gg_built_overseers_emp	building_to_building_own	1.0000	1.0000	0.0000	
wh2_main_special_copper_mountain	derpy_gg_built_overseers_dwf	building_to_building_own	1.0000	1.0000	0.0000	
wh2_main_special_cothique_palace_1	derpy_gg_built_overseers_hef	building_to_building_own	1.0000	1.0000	0.0000	
wh2_main_special_def_vauls_anvil	derpy_gg_built_overseers_def	building_to_building_own	1.0000	1.0000	0.0000	
wh2_main_special_def_vauls_anvil_hef	derpy_gg_built_overseers_hef	building_to_building_own	1.0000	1.0000	0.0000	
wh2_main_special_ellyrian_stables	derpy_gg_built_overseers_hef	building_to_building_own	1.0000	1.0000	0.0000	
wh2_main_special_empire_fort_emp_1	derpy_gg_built_overseers_emp	building_to_building_own	1.0000	1.0000	0.0000	
wh2_main_special_empire_fort_emp_2	derpy_gg_built_overseers_emp	building_to_building_own	1.0000	1.0000	0.0000	
wh2_main_special_empire_fort_emp_3	derpy_gg_built_overseers_emp	building_to_building_own	1.0000	1.0000	0.0000	
wh2_main_special_empire_fort_emp_4	derpy_gg_built_overseers_emp	building_to_building_own	1.0000	1.0000	0.0000	
wh2_main_special_empire_fort_emp_5	derpy_gg_built_overseers_emp	building_to_building_own	1.0000	1.0000	0.0000	
wh2_main_special_everqueen_court	derpy_gg_built_overseers_hef	building_to_building_own	1.0000	1.0000	0.0000	
wh2_main_special_everqueen_court_def	derpy_gg_built_overseers_def	building_to_building_own	1.0000	1.0000	0.0000	
wh2_main_special_everqueen_court_hef	derpy_gg_built_overseers_hef	building_to_building_own	1.0000	1.0000	0.0000	
wh2_main_special_fortress_gate_eagle_chd_1	derpy_gg_built_immortals	building_to_building_own	1.0000	1.0000	0.0000	
wh2_main_special_fortress_gate_eagle_chd_2	derpy_gg_built_immortals	building_to_building_own	1.0000	1.0000	0.0000	
wh2_main_special_fortress_gate_eagle_chd_3	derpy_gg_built_immortals	building_to_building_own	1.0000	1.0000	0.0000	
wh2_main_special_fortress_gate_eagle_chd_4	derpy_gg_built_immortals	building_to_building_own	1.0000	1.0000	0.0000	
wh2_main_special_fortress_gate_eagle_chd_5	derpy_gg_built_immortals	building_to_building_own	1.0000	1.0000	0.0000	
wh2_main_special_fortress_gate_eagle_hef_1	derpy_gg_built_immortals_hef	building_to_building_own	1.0000	1.0000	0.0000	
wh2_main_special_fortress_gate_eagle_hef_2	derpy_gg_built_immortals_hef	building_to_building_own	1.0000	1.0000	0.0000	
wh2_main_special_fortress_gate_eagle_hef_3	derpy_gg_built_immortals_hef	building_to_building_own	1.0000	1.0000	0.0000	
wh2_main_special_fortress_gate_eagle_hef_4	derpy_gg_built_immortals_hef	building_to_building_own	1.0000	1.0000	0.0000	
wh2_main_special_fortress_gate_eagle_hef_5	derpy_gg_built_immortals_hef	building_to_building_own	1.0000	1.0000	0.0000	
wh2_main_special_fortress_gate_griffon_chd_1	derpy_gg_built_immortals	building_to_building_own	1.0000	1.0000	0.0000	
wh2_main_special_fortress_gate_griffon_chd_2	derpy_gg_built_immortals	building_to_building_own	1.0000	1.0000	0.0000	
wh2_main_special_fortress_gate_griffon_chd_3	derpy_gg_built_immortals	building_to_building_own	1.0000	1.0000	0.0000	
wh2_main_special_fortress_gate_griffon_chd_4	derpy_gg_built_immortals	building_to_building_own	1.0000	1.0000	0.0000	
wh2_main_special_fortress_gate_griffon_chd_5	derpy_gg_built_immortals	building_to_building_own	1.0000	1.0000	0.0000	
wh2_main_special_fortress_gate_griffon_hef_1	derpy_gg_built_immortals_hef	building_to_building_own	1.0000	1.0000	0.0000	
wh2_main_special_fortress_gate_griffon_hef_2	derpy_gg_built_immortals_hef	building_to_building_own	1.0000	1.0000	0.0000	
wh2_main_special_fortress_gate_griffon_hef_3	derpy_gg_built_immortals_hef	building_to_building_own	1.0000	1.0000	0.0000	
wh2_main_special_fortress_gate_griffon_hef_4	derpy_gg_built_immortals_hef	building_to_building_own	1.0000	1.0000	0.0000	
wh2_main_special_fortress_gate_griffon_hef_5	derpy_gg_built_immortals_hef	building_to_building_own	1.0000	1.0000	0.0000	
wh2_main_special_fortress_gate_phoenix_chd_1	derpy_gg_built_immortals	building_to_building_own	1.0000	1.0000	0.0000	
wh2_main_special_fortress_gate_phoenix_chd_2	derpy_gg_built_immortals	building_to_building_own	1.0000	1.0000	0.0000	
wh2_main_special_fortress_gate_phoenix_chd_3	derpy_gg_built_immortals	building_to_building_own	1.0000	1.0000	0.0000	
wh2_main_special_fortress_gate_phoenix_chd_4	derpy_gg_built_immortals	building_to_building_own	1.0000	1.0000	0.0000	
wh2_main_special_fortress_gate_phoenix_chd_5	derpy_gg_built_immortals	building_to_building_own	1.0000	1.0000	0.0000	
wh2_main_special_fortress_gate_phoenix_hef_1	derpy_gg_built_immortals_hef	building_to_building_own	1.0000	1.0000	0.0000	
wh2_main_special_fortress_gate_phoenix_hef_2	derpy_gg_built_immortals_hef	building_to_building_own	1.0000	1.0000	0.0000	
wh2_main_special_fortress_gate_phoenix_hef_3	derpy_gg_built_immortals_hef	building_to_building_own	1.0000	1.0000	0.0000	
wh2_main_special_fortress_gate_phoenix_hef_4	derpy_gg_built_immortals_hef	building_to_building_own	1.0000	1.0000	0.0000	
wh2_main_special_fortress_gate_phoenix_hef_5	derpy_gg_built_immortals_hef	building_to_building_own	1.0000	1.0000	0.0000	
wh2_main_special_fortress_gate_unicorn_chd_1	derpy_gg_built_immortals	building_to_building_own	1.0000	1.0000	0.0000	
wh2_main_special_fortress_gate_unicorn_chd_2	derpy_gg_built_immortals	building_to_building_own	1.0000	1.0000	0.0000	
wh2_main_special_fortress_gate_unicorn_chd_3	derpy_gg_built_immortals	building_to_building_own	1.0000	1.0000	0.0000	
wh2_main_special_fortress_gate_unicorn_chd_4	derpy_gg_built_immortals	building_to_building_own	1.0000	1.0000	0.0000	
wh2_main_special_fortress_gate_unicorn_chd_5	derpy_gg_built_immortals	building_to_building_own	1.0000	1.0000	0.0000	
wh2_main_special_fortress_gate_unicorn_hef_1	derpy_gg_built_immortals_hef	building_to_building_own	1.0000	1.0000	0.0000	
wh2_main_special_fortress_gate_unicorn_hef_2	derpy_gg_built_immortals_hef	building_to_building_own	1.0000	1.0000	0.0000	
wh2_main_special_fortress_gate_unicorn_hef_3	derpy_gg_built_immortals_hef	building_to_building_own	1.0000	1.0000	0.0000	
wh2_main_special_fortress_gate_unicorn_hef_4	derpy_gg_built_immortals_hef	building_to_building_own	1.0000	1.0000	0.0000	
wh2_main_special_fortress_gate_unicorn_hef_5	derpy_gg_built_immortals_hef	building_to_building_own	1.0000	1.0000	0.0000	
wh2_main_special_galbaraz_oathgold_dwf_1	derpy_gg_built_brass_dwf	building_to_building_own	1.0000	1.0000	0.0000	
wh2_main_special_galbaraz_oathgold_hef_1	derpy_gg_built_brass_hef	building_to_building_own	1.0000	1.0000	0.0000	
wh2_main_special_ghrond_convent_of_sorcery_1	derpy_gg_built_overseers_def	building_to_building_own	1.0000	1.0000	0.0000	
wh2_main_special_ghrond_convent_of_sorcery_1_emp	derpy_gg_built_overseers_emp	building_to_building_own	1.0000	1.0000	0.0000	
wh2_main_special_ghrond_convent_of_sorcery_1_hef	derpy_gg_built_overseers_hef	building_to_building_own	1.0000	1.0000	0.0000	
wh2_main_special_ghrond_convent_of_sorcery_2	derpy_gg_built_overseers_def	building_to_building_own	1.0000	1.0000	0.0000	
wh2_main_special_ghrond_convent_of_sorcery_2_emp	derpy_gg_built_overseers_emp	building_to_building_own	1.0000	1.0000	0.0000	
wh2_main_special_ghrond_convent_of_sorcery_2_hef	derpy_gg_built_overseers_hef	building_to_building_own	1.0000	1.0000	0.0000	
wh2_main_special_hag_graef_mines_def_1	derpy_gg_built_overseers_def	building_to_building_own	1.0000	1.0000	0.0000	
wh2_main_special_hag_graef_mines_def_2	derpy_gg_built_overseers_def	building_to_building_own	1.0000	1.0000	0.0000	
wh2_main_special_hag_graef_mines_def_3	derpy_gg_built_overseers_def	building_to_building_own	1.0000	1.0000	0.0000	
wh2_main_special_hag_graef_mines_def_4	derpy_gg_built_overseers_def	building_to_building_own	1.0000	1.0000	0.0000	
wh2_main_special_har_ganeth_hellebron_palace	derpy_gg_built_overseers_def	building_to_building_own	1.0000	1.0000	0.0000	
wh2_main_special_har_ganeth_hellebron_palace_hef	derpy_gg_built_overseers_hef	building_to_building_own	1.0000	1.0000	0.0000	
wh2_main_special_har_ganeth_temple_of_khaine_1	derpy_gg_built_overseers_def	building_to_building_own	1.0000	1.0000	0.0000	
wh2_main_special_har_ganeth_temple_of_khaine_1_hef	derpy_gg_built_overseers_hef	building_to_building_own	1.0000	1.0000	0.0000	
wh2_main_special_karond_kar_slavers	derpy_gg_built_slavers_def	building_to_building_own	1.0000	1.0000	0.0000	
wh2_main_special_lothern_port_1	derpy_gg_built_brass_hef	building_to_building_own	1.0000	1.0000	0.0000	
wh2_main_special_lothern_port_2	derpy_gg_built_brass_hef	building_to_building_own	1.0000	1.0000	0.0000	
wh2_main_special_lothern_port_3	derpy_gg_built_brass_hef	building_to_building_own	1.0000	1.0000	0.0000	
wh2_main_special_magma_caverns	derpy_gg_built_overseers_dwf	building_to_building_own	1.0000	1.0000	0.0000	
wh2_main_special_naggarond_blackguard	derpy_gg_built_overseers_def	building_to_building_own	1.0000	1.0000	0.0000	
wh2_main_special_naggarond_witch_king_def	derpy_gg_built_overseers_def	building_to_building_own	1.0000	1.0000	0.0000	
wh2_main_special_naggarond_witch_king_hef	derpy_gg_built_overseers_hef	building_to_building_own	1.0000	1.0000	0.0000	
wh2_main_special_phoenix_king_court	derpy_gg_built_overseers_hef	building_to_building_own	1.0000	1.0000	0.0000	
wh2_main_special_phoenix_king_court_dwf	derpy_gg_built_overseers_dwf	building_to_building_own	1.0000	1.0000	0.0000	
wh2_main_special_roflcopter	derpy_gg_built_overseers_dwf	building_to_building_own	1.0000	1.0000	0.0000	
wh2_main_special_salzenmund_laurelorn_def_1	derpy_gg_built_overseers_def	building_to_building_own	1.0000	1.0000	0.0000	
wh2_main_special_salzenmund_laurelorn_hef_1	derpy_gg_built_overseers_hef	building_to_building_own	1.0000	1.0000	0.0000	
wh2_main_special_settlement_colony_major_hef_1	derpy_gg_built_overseers_hef	building_to_building_own	1.0000	1.0000	0.0000	
wh2_main_special_settlement_colony_major_hef_2	derpy_gg_built_overseers_hef	building_to_building_own	1.0000	1.0000	0.0000	
wh2_main_special_settlement_colony_major_hef_3	derpy_gg_built_overseers_hef	building_to_building_own	1.0000	1.0000	0.0000	
wh2_main_special_settlement_colony_major_hef_4	derpy_gg_built_overseers_hef	building_to_building_own	1.0000	1.0000	0.0000	
wh2_main_special_settlement_colony_major_hef_5	derpy_gg_built_overseers_hef	building_to_building_own	1.0000	1.0000	0.0000	
wh2_main_special_settlement_colony_minor_hef_1	derpy_gg_built_overseers_hef	building_to_building_own	1.0000	1.0000	0.0000	
wh2_main_special_settlement_colony_minor_hef_2	derpy_gg_built_overseers_hef	building_to_building_own	1.0000	1.0000	0.0000	
wh2_main_special_settlement_colony_minor_hef_3	derpy_gg_built_overseers_hef	building_to_building_own	1.0000	1.0000	0.0000	
wh2_main_special_settlement_gaean_vale_1	derpy_gg_built_overseers_hef	building_to_building_own	1.0000	1.0000	0.0000	
wh2_main_special_settlement_gaean_vale_2	derpy_gg_built_overseers_hef	building_to_building_own	1.0000	1.0000	0.0000	
wh2_main_special_settlement_gaean_vale_3	derpy_gg_built_overseers_hef	building_to_building_own	1.0000	1.0000	0.0000	
wh2_main_special_settlement_gaean_vale_4	derpy_gg_built_overseers_hef	building_to_building_own	1.0000	1.0000	0.0000	
wh2_main_special_settlement_gaean_vale_5	derpy_gg_built_overseers_hef	building_to_building_own	1.0000	1.0000	0.0000	
wh2_main_special_settlement_lothern_1	derpy_gg_built_overseers_hef	building_to_building_own	1.0000	1.0000	0.0000	
wh2_main_special_settlement_lothern_2	derpy_gg_built_overseers_hef	building_to_building_own	1.0000	1.0000	0.0000	
wh2_main_special_settlement_lothern_3	derpy_gg_built_overseers_hef	building_to_building_own	1.0000	1.0000	0.0000	
wh2_main_special_settlement_lothern_4	derpy_gg_built_overseers_hef	building_to_building_own	1.0000	1.0000	0.0000	
wh2_main_special_settlement_lothern_5	derpy_gg_built_overseers_hef	building_to_building_own	1.0000	1.0000	0.0000	
wh2_main_special_settlement_lothern_def_1	derpy_gg_built_overseers_def	building_to_building_own	1.0000	1.0000	0.0000	
wh2_main_special_settlement_lothern_def_2	derpy_gg_built_overseers_def	building_to_building_own	1.0000	1.0000	0.0000	
wh2_main_special_settlement_lothern_def_3	derpy_gg_built_overseers_def	building_to_building_own	1.0000	1.0000	0.0000	
wh2_main_special_settlement_lothern_def_4	derpy_gg_built_overseers_def	building_to_building_own	1.0000	1.0000	0.0000	
wh2_main_special_settlement_lothern_def_5	derpy_gg_built_overseers_def	building_to_building_own	1.0000	1.0000	0.0000	
wh2_main_special_settlement_naggarond_1	derpy_gg_built_overseers_def	building_to_building_own	1.0000	1.0000	0.0000	
wh2_main_special_settlement_naggarond_2	derpy_gg_built_overseers_def	building_to_building_own	1.0000	1.0000	0.0000	
wh2_main_special_settlement_naggarond_3	derpy_gg_built_overseers_def	building_to_building_own	1.0000	1.0000	0.0000	
wh2_main_special_settlement_naggarond_4	derpy_gg_built_overseers_def	building_to_building_own	1.0000	1.0000	0.0000	
wh2_main_special_settlement_naggarond_5	derpy_gg_built_overseers_def	building_to_building_own	1.0000	1.0000	0.0000	
wh2_main_special_settlement_naggarond_hef_1	derpy_gg_built_overseers_hef	building_to_building_own	1.0000	1.0000	0.0000	
wh2_main_special_settlement_naggarond_hef_2	derpy_gg_built_overseers_hef	building_to_building_own	1.0000	1.0000	0.0000	
wh2_main_special_settlement_naggarond_hef_3	derpy_gg_built_overseers_hef	building_to_building_own	1.0000	1.0000	0.0000	
wh2_main_special_settlement_naggarond_hef_4	derpy_gg_built_overseers_hef	building_to_building_own	1.0000	1.0000	0.0000	
wh2_main_special_settlement_naggarond_hef_5	derpy_gg_built_overseers_hef	building_to_building_own	1.0000	1.0000	0.0000	
wh2_main_special_settlement_sartosa_brt_1	derpy_gg_built_overseers_brt	building_to_building_own	1.0000	1.0000	0.0000	
wh2_main_special_settlement_sartosa_brt_2	derpy_gg_built_overseers_brt	building_to_building_own	1.0000	1.0000	0.0000	
wh2_main_special_settlement_sartosa_brt_3	derpy_gg_built_overseers_brt	building_to_building_own	1.0000	1.0000	0.0000	
wh2_main_special_settlement_sartosa_brt_4	derpy_gg_built_overseers_brt	building_to_building_own	1.0000	1.0000	0.0000	
wh2_main_special_settlement_sartosa_brt_5	derpy_gg_built_overseers_brt	building_to_building_own	1.0000	1.0000	0.0000	
wh2_main_special_settlement_sartosa_def_1	derpy_gg_built_overseers_def	building_to_building_own	1.0000	1.0000	0.0000	
wh2_main_special_settlement_sartosa_def_2	derpy_gg_built_overseers_def	building_to_building_own	1.0000	1.0000	0.0000	
wh2_main_special_settlement_sartosa_def_3	derpy_gg_built_overseers_def	building_to_building_own	1.0000	1.0000	0.0000	
wh2_main_special_settlement_sartosa_def_4	derpy_gg_built_overseers_def	building_to_building_own	1.0000	1.0000	0.0000	
wh2_main_special_settlement_sartosa_def_5	derpy_gg_built_overseers_def	building_to_building_own	1.0000	1.0000	0.0000	
wh2_main_special_settlement_sartosa_emp_1	derpy_gg_built_overseers_emp	building_to_building_own	1.0000	1.0000	0.0000	
wh2_main_special_settlement_sartosa_emp_2	derpy_gg_built_overseers_emp	building_to_building_own	1.0000	1.0000	0.0000	
wh2_main_special_settlement_sartosa_emp_3	derpy_gg_built_overseers_emp	building_to_building_own	1.0000	1.0000	0.0000	
wh2_main_special_settlement_sartosa_emp_4	derpy_gg_built_overseers_emp	building_to_building_own	1.0000	1.0000	0.0000	
wh2_main_special_settlement_sartosa_emp_5	derpy_gg_built_overseers_emp	building_to_building_own	1.0000	1.0000	0.0000	
wh2_main_special_shrine_of_asuryan_1_def	derpy_gg_built_overseers_def	building_to_building_own	1.0000	1.0000	0.0000	
wh2_main_special_shrine_of_asuryan_1_hef	derpy_gg_built_overseers_hef	building_to_building_own	1.0000	1.0000	0.0000	
wh2_main_special_shrine_of_khaine_def_1	derpy_gg_built_overseers_def	building_to_building_own	1.0000	1.0000	0.0000	
wh2_main_special_shrine_of_khaine_def_base	derpy_gg_built_overseers_def	building_to_building_own	1.0000	1.0000	0.0000	
wh2_main_special_shrine_of_khaine_hef_1	derpy_gg_built_overseers_hef	building_to_building_own	1.0000	1.0000	0.0000	
wh2_main_special_shrine_of_khaine_hef_base	derpy_gg_built_overseers_hef	building_to_building_own	1.0000	1.0000	0.0000	
wh2_main_special_silver_hall	derpy_gg_built_overseers_dwf	building_to_building_own	1.0000	1.0000	0.0000	
wh2_main_special_solland_market_1	derpy_gg_built_brass_emp	building_to_building_own	1.0000	1.0000	0.0000	
wh2_main_special_tiranoc_palace	derpy_gg_built_overseers_hef	building_to_building_own	1.0000	1.0000	0.0000	
wh2_main_special_tiranoc_palace_1	derpy_gg_built_overseers_hef	building_to_building_own	1.0000	1.0000	0.0000	
wh2_main_special_tiranoc_palace_def	derpy_gg_built_overseers_def	building_to_building_own	1.0000	1.0000	0.0000	
wh2_main_special_tor_achare_lions_1	derpy_gg_built_overseers_hef	building_to_building_own	1.0000	1.0000	0.0000	
wh2_main_special_tower_of_hoeth_1	derpy_gg_built_overseers_hef	building_to_building_own	1.0000	1.0000	0.0000	
wh2_main_special_tower_of_hoeth_1_def	derpy_gg_built_overseers_def	building_to_building_own	1.0000	1.0000	0.0000	
wh2_main_special_tower_of_hoeth_1_emp	derpy_gg_built_overseers_emp	building_to_building_own	1.0000	1.0000	0.0000	
wh2_main_special_tower_of_hoeth_2	derpy_gg_built_overseers_hef	building_to_building_own	1.0000	1.0000	0.0000	
wh2_main_special_tower_of_hoeth_2_def	derpy_gg_built_overseers_def	building_to_building_own	1.0000	1.0000	0.0000	
wh2_main_special_tower_of_hoeth_2_emp	derpy_gg_built_overseers_emp	building_to_building_own	1.0000	1.0000	0.0000	
wh2_main_special_underway_hub_dwf_1	derpy_gg_built_overseers_dwf	building_to_building_own	1.0000	1.0000	0.0000	
wh2_main_special_underworld_sea_gate_1	derpy_gg_built_immortals_def	building_to_building_own	1.0000	1.0000	0.0000	
wh2_main_special_yvresse_amphitheatre	derpy_gg_built_overseers_hef	building_to_building_own	1.0000	1.0000	0.0000	
wh2_main_special_yvresse_amphitheatre_def	derpy_gg_built_overseers_def	building_to_building_own	1.0000	1.0000	0.0000	
wh2_main_special_ziggurat_of_dawn_beacon_chs	derpy_gg_built_overseers_def	building_to_building_own	1.0000	1.0000	0.0000	
wh3_cp1_cth_alchemist_tigers_1	derpy_gg_built_daemonsmiths_cth	building_to_building_own	1.0000	1.0000	0.0000	
wh3_cp1_cth_alchemist_tigers_2	derpy_gg_built_daemonsmiths_cth	building_to_building_own	1.0000	1.0000	0.0000	
wh3_cp1_cth_alchemist_tigers_3	derpy_gg_built_daemonsmiths_cth	building_to_building_own	1.0000	1.0000	0.0000	
wh3_cp1_cth_armoury_tigers_0	derpy_gg_built_overseers_cth	building_to_building_own	1.0000	1.0000	0.0000	
wh3_cp1_cth_armoury_tigers_1	derpy_gg_built_overseers_cth	building_to_building_own	1.0000	1.0000	0.0000	
wh3_cp1_cth_armoury_tigers_2	derpy_gg_built_overseers_cth	building_to_building_own	1.0000	1.0000	0.0000	
wh3_cp1_cth_bhashiva_settlement_major_1	derpy_gg_built_overseers_cth	building_to_building_own	1.0000	1.0000	0.0000	
wh3_cp1_cth_bhashiva_settlement_major_2	derpy_gg_built_overseers_cth	building_to_building_own	1.0000	1.0000	0.0000	
wh3_cp1_cth_bhashiva_settlement_major_3	derpy_gg_built_overseers_cth	building_to_building_own	1.0000	1.0000	0.0000	
wh3_cp1_cth_bhashiva_settlement_major_4	derpy_gg_built_overseers_cth	building_to_building_own	1.0000	1.0000	0.0000	
wh3_cp1_cth_bhashiva_settlement_major_5	derpy_gg_built_overseers_cth	building_to_building_own	1.0000	1.0000	0.0000	
wh3_cp1_cth_bhashiva_settlement_minor_1	derpy_gg_built_overseers_cth	building_to_building_own	1.0000	1.0000	0.0000	
wh3_cp1_cth_bhashiva_settlement_minor_2	derpy_gg_built_overseers_cth	building_to_building_own	1.0000	1.0000	0.0000	
wh3_cp1_cth_bhashiva_settlement_minor_3	derpy_gg_built_overseers_cth	building_to_building_own	1.0000	1.0000	0.0000	
wh3_cp1_cth_defence_yang_tigers_1	derpy_gg_built_immortals_cth	building_to_building_own	1.0000	1.0000	0.0000	
wh3_cp1_cth_defence_yang_tigers_2	derpy_gg_built_immortals_cth	building_to_building_own	1.0000	1.0000	0.0000	
wh3_cp1_cth_defence_yang_tigers_3	derpy_gg_built_immortals_cth	building_to_building_own	1.0000	1.0000	0.0000	
wh3_cp1_cth_defence_yin_tigers_1	derpy_gg_built_immortals_cth	building_to_building_own	1.0000	1.0000	0.0000	
wh3_cp1_cth_defence_yin_tigers_2	derpy_gg_built_immortals_cth	building_to_building_own	1.0000	1.0000	0.0000	
wh3_cp1_cth_defence_yin_tigers_3	derpy_gg_built_immortals_cth	building_to_building_own	1.0000	1.0000	0.0000	
wh3_cp1_cth_den_tigers_1	derpy_gg_built_overseers_cth	building_to_building_own	1.0000	1.0000	0.0000	
wh3_cp1_cth_den_tigers_1_bhashiva	derpy_gg_built_overseers_cth	building_to_building_own	1.0000	1.0000	0.0000	
wh3_cp1_cth_den_tigers_2	derpy_gg_built_overseers_cth	building_to_building_own	1.0000	1.0000	0.0000	
wh3_cp1_cth_den_tigers_2_bhashiva	derpy_gg_built_overseers_cth	building_to_building_own	1.0000	1.0000	0.0000	
wh3_cp1_cth_den_tigers_3	derpy_gg_built_overseers_cth	building_to_building_own	1.0000	1.0000	0.0000	
wh3_cp1_cth_den_tigers_3_bhashiva	derpy_gg_built_overseers_cth	building_to_building_own	1.0000	1.0000	0.0000	
wh3_cp1_cth_foreign_slot_discovery_tigers_1	derpy_gg_built_overseers_cth	building_to_building_own	1.0000	1.0000	0.0000	
wh3_cp1_cth_foreign_slot_discovery_tigers_2	derpy_gg_built_overseers_cth	building_to_building_own	1.0000	1.0000	0.0000	
wh3_cp1_cth_foreign_slot_discovery_tigers_3	derpy_gg_built_overseers_cth	building_to_building_own	1.0000	1.0000	0.0000	
wh3_cp1_cth_gunpowder_tigers_1	derpy_gg_built_overseers_cth	building_to_building_own	1.0000	1.0000	0.0000	
wh3_cp1_cth_gunpowder_tigers_2	derpy_gg_built_overseers_cth	building_to_building_own	1.0000	1.0000	0.0000	
wh3_cp1_cth_gunpowder_tigers_3	derpy_gg_built_overseers_cth	building_to_building_own	1.0000	1.0000	0.0000	
wh3_cp1_cth_living_forge_tigers_1	derpy_gg_built_overseers_cth	building_to_building_own	1.0000	1.0000	0.0000	
wh3_cp1_cth_living_forge_tigers_2	derpy_gg_built_overseers_cth	building_to_building_own	1.0000	1.0000	0.0000	
wh3_cp1_cth_living_forge_tigers_3	derpy_gg_built_overseers_cth	building_to_building_own	1.0000	1.0000	0.0000	
wh3_cp1_cth_peasants_tigers_1	derpy_gg_built_overseers_cth	building_to_building_own	1.0000	1.0000	0.0000	
wh3_cp1_cth_peasants_tigers_2	derpy_gg_built_overseers_cth	building_to_building_own	1.0000	1.0000	0.0000	
wh3_cp1_cth_special_grand_naval_lift	derpy_gg_built_overseers_cth	building_to_building_own	1.0000	1.0000	0.0000	
wh3_cp1_cth_special_house_of_secrets	derpy_gg_built_overseers_cth	building_to_building_own	1.0000	1.0000	0.0000	
wh3_cp1_cth_special_terracotta_road	derpy_gg_built_overseers_cth	building_to_building_own	1.0000	1.0000	0.0000	
wh3_cp1_cth_special_tiger_village_monument	derpy_gg_built_overseers_cth	building_to_building_own	1.0000	1.0000	0.0000	
wh3_cp1_cth_tiger_court_kamau_1	derpy_gg_built_overseers_cth	building_to_building_own	1.0000	1.0000	0.0000	
wh3_cp1_cth_tiger_court_kamau_yang_2	derpy_gg_built_overseers_cth	building_to_building_own	1.0000	1.0000	0.0000	
wh3_cp1_cth_tiger_court_kamau_yang_3	derpy_gg_built_overseers_cth	building_to_building_own	1.0000	1.0000	0.0000	
wh3_cp1_cth_tiger_court_kamau_yin_2	derpy_gg_built_overseers_cth	building_to_building_own	1.0000	1.0000	0.0000	
wh3_cp1_cth_tiger_court_kamau_yin_3	derpy_gg_built_overseers_cth	building_to_building_own	1.0000	1.0000	0.0000	
wh3_cp1_cth_tiger_court_thousand_gods_1	derpy_gg_built_overseers_cth	building_to_building_own	1.0000	1.0000	0.0000	
wh3_cp1_cth_tiger_court_thousand_gods_yang_2	derpy_gg_built_overseers_cth	building_to_building_own	1.0000	1.0000	0.0000	
wh3_cp1_cth_tiger_court_thousand_gods_yang_3	derpy_gg_built_overseers_cth	building_to_building_own	1.0000	1.0000	0.0000	
wh3_cp1_cth_tiger_court_thousand_gods_yin_2	derpy_gg_built_overseers_cth	building_to_building_own	1.0000	1.0000	0.0000	
wh3_cp1_cth_tiger_court_thousand_gods_yin_3	derpy_gg_built_overseers_cth	building_to_building_own	1.0000	1.0000	0.0000	
wh3_cp1_cth_tiger_court_white_tiger_1	derpy_gg_built_overseers_cth	building_to_building_own	1.0000	1.0000	0.0000	
wh3_cp1_cth_tiger_court_white_tiger_yang_2	derpy_gg_built_overseers_cth	building_to_building_own	1.0000	1.0000	0.0000	
wh3_cp1_cth_tiger_court_white_tiger_yang_3	derpy_gg_built_overseers_cth	building_to_building_own	1.0000	1.0000	0.0000	
wh3_cp1_cth_tiger_court_white_tiger_yin_2	derpy_gg_built_overseers_cth	building_to_building_own	1.0000	1.0000	0.0000	
wh3_cp1_cth_tiger_court_white_tiger_yin_3	derpy_gg_built_overseers_cth	building_to_building_own	1.0000	1.0000	0.0000	
wh3_cp1_cth_walls_minor_tigers_1	derpy_gg_built_immortals_cth	building_to_building_own	1.0000	1.0000	0.0000	
wh3_cp1_cth_walls_minor_tigers_2	derpy_gg_built_immortals_cth	building_to_building_own	1.0000	1.0000	0.0000	
wh3_dlc23_chd_allied_outpost_1	derpy_gg_built_overseers	building_to_building_own	1.0000	1.0000	0.0000	
wh3_dlc23_chd_allied_outpost_2	derpy_gg_built_overseers	building_to_building_own	1.0000	1.0000	0.0000	
wh3_dlc23_chd_allied_outpost_3	derpy_gg_built_overseers	building_to_building_own	1.0000	1.0000	0.0000	
wh3_dlc23_chd_factory_assembly_line_1	derpy_gg_built_daemonsmiths	building_to_building_own	1.0000	1.0000	0.0000	
wh3_dlc23_chd_factory_assembly_line_2	derpy_gg_built_daemonsmiths	building_to_building_own	1.0000	1.0000	0.0000	
wh3_dlc23_chd_factory_assembly_line_3	derpy_gg_built_daemonsmiths	building_to_building_own	1.0000	1.0000	0.0000	
wh3_dlc23_chd_factory_drills_1	derpy_gg_built_daemonsmiths	building_to_building_own	1.0000	1.0000	0.0000	
wh3_dlc23_chd_factory_drills_2	derpy_gg_built_daemonsmiths	building_to_building_own	1.0000	1.0000	0.0000	
wh3_dlc23_chd_factory_garrison_1	derpy_gg_built_immortals	building_to_building_own	1.0000	1.0000	0.0000	
wh3_dlc23_chd_factory_garrison_2	derpy_gg_built_immortals	building_to_building_own	1.0000	1.0000	0.0000	
wh3_dlc23_chd_factory_garrison_3	derpy_gg_built_immortals	building_to_building_own	1.0000	1.0000	0.0000	
wh3_dlc23_chd_factory_port_1	derpy_gg_built_brass	building_to_building_own	1.0000	1.0000	0.0000	
wh3_dlc23_chd_factory_port_2	derpy_gg_built_brass	building_to_building_own	1.0000	1.0000	0.0000	
wh3_dlc23_chd_factory_port_3	derpy_gg_built_brass	building_to_building_own	1.0000	1.0000	0.0000	
wh3_dlc23_chd_factory_refinery_1	derpy_gg_built_daemonsmiths	building_to_building_own	1.0000	1.0000	0.0000	
wh3_dlc23_chd_factory_refinery_2	derpy_gg_built_daemonsmiths	building_to_building_own	1.0000	1.0000	0.0000	
wh3_dlc23_chd_factory_refinery_3	derpy_gg_built_daemonsmiths	building_to_building_own	1.0000	1.0000	0.0000	
wh3_dlc23_chd_military_beasts_1	derpy_gg_built_immortals	building_to_building_own	1.0000	1.0000	0.0000	
wh3_dlc23_chd_military_beasts_2	derpy_gg_built_immortals	building_to_building_own	1.0000	1.0000	0.0000	
wh3_dlc23_chd_military_beasts_3	derpy_gg_built_immortals	building_to_building_own	1.0000	1.0000	0.0000	
wh3_dlc23_chd_military_beasts_4	derpy_gg_built_immortals	building_to_building_own	1.0000	1.0000	0.0000	
wh3_dlc23_chd_military_chaos_dwarf_infantry_1	derpy_gg_built_immortals	building_to_building_own	1.0000	1.0000	0.0000	
wh3_dlc23_chd_military_chaos_dwarf_infantry_2	derpy_gg_built_immortals	building_to_building_own	1.0000	1.0000	0.0000	
wh3_dlc23_chd_military_chaos_dwarf_infantry_3	derpy_gg_built_immortals	building_to_building_own	1.0000	1.0000	0.0000	
wh3_dlc23_chd_military_hobgoblins_1	derpy_gg_built_immortals	building_to_building_own	1.0000	1.0000	0.0000	
wh3_dlc23_chd_military_hobgoblins_2	derpy_gg_built_immortals	building_to_building_own	1.0000	1.0000	0.0000	
wh3_dlc23_chd_military_kdaai_1	derpy_gg_built_immortals	building_to_building_own	1.0000	1.0000	0.0000	
wh3_dlc23_chd_military_kdaai_2	derpy_gg_built_immortals	building_to_building_own	1.0000	1.0000	0.0000	
wh3_dlc23_chd_military_kdaai_3	derpy_gg_built_immortals	building_to_building_own	1.0000	1.0000	0.0000	
wh3_dlc23_chd_military_war_machines_1	derpy_gg_built_immortals	building_to_building_own	1.0000	1.0000	0.0000	
wh3_dlc23_chd_military_war_machines_2	derpy_gg_built_immortals	building_to_building_own	1.0000	1.0000	0.0000	
wh3_dlc23_chd_military_war_machines_3	derpy_gg_built_immortals	building_to_building_own	1.0000	1.0000	0.0000	
wh3_dlc23_chd_outpost_mine_1	derpy_gg_built_overseers	building_to_building_own	1.0000	1.0000	0.0000	
wh3_dlc23_chd_outpost_mine_2	derpy_gg_built_overseers	building_to_building_own	1.0000	1.0000	0.0000	
wh3_dlc23_chd_outpost_mine_3	derpy_gg_built_overseers	building_to_building_own	1.0000	1.0000	0.0000	
wh3_dlc23_chd_outpost_overseer_hut_1	derpy_gg_built_overseers	building_to_building_own	1.0000	1.0000	0.0000	
wh3_dlc23_chd_outpost_overseer_hut_2	derpy_gg_built_overseers	building_to_building_own	1.0000	1.0000	0.0000	
wh3_dlc23_chd_outpost_overseer_hut_3	derpy_gg_built_overseers	building_to_building_own	1.0000	1.0000	0.0000	
wh3_dlc23_chd_outpost_port_1	derpy_gg_built_brass	building_to_building_own	1.0000	1.0000	0.0000	
wh3_dlc23_chd_outpost_port_2	derpy_gg_built_brass	building_to_building_own	1.0000	1.0000	0.0000	
wh3_dlc23_chd_outpost_port_3	derpy_gg_built_brass	building_to_building_own	1.0000	1.0000	0.0000	
wh3_dlc23_chd_outpost_scavangers_hovel_1	derpy_gg_built_slavers	building_to_building_own	1.0000	1.0000	0.0000	
wh3_dlc23_chd_outpost_scavangers_hovel_2	derpy_gg_built_slavers	building_to_building_own	1.0000	1.0000	0.0000	
wh3_dlc23_chd_outpost_scavangers_hovel_3	derpy_gg_built_slavers	building_to_building_own	1.0000	1.0000	0.0000	
wh3_dlc23_chd_outpost_watch_towers_1	derpy_gg_built_khanate	building_to_building_own	1.0000	1.0000	0.0000	
wh3_dlc23_chd_outpost_watch_towers_2	derpy_gg_built_khanate	building_to_building_own	1.0000	1.0000	0.0000	
wh3_dlc23_chd_resource_animals_1	derpy_gg_built_brass	building_to_building_own	1.0000	1.0000	0.0000	
wh3_dlc23_chd_resource_animals_2	derpy_gg_built_brass	building_to_building_own	1.0000	1.0000	0.0000	
wh3_dlc23_chd_resource_animals_3	derpy_gg_built_brass	building_to_building_own	1.0000	1.0000	0.0000	
wh3_dlc23_chd_resource_dyes_1	derpy_gg_built_brass	building_to_building_own	1.0000	1.0000	0.0000	
wh3_dlc23_chd_resource_dyes_2	derpy_gg_built_brass	building_to_building_own	1.0000	1.0000	0.0000	
wh3_dlc23_chd_resource_dyes_3	derpy_gg_built_brass	building_to_building_own	1.0000	1.0000	0.0000	
wh3_dlc23_chd_resource_furs_1	derpy_gg_built_brass	building_to_building_own	1.0000	1.0000	0.0000	
wh3_dlc23_chd_resource_furs_2	derpy_gg_built_brass	building_to_building_own	1.0000	1.0000	0.0000	
wh3_dlc23_chd_resource_furs_3	derpy_gg_built_brass	building_to_building_own	1.0000	1.0000	0.0000	
wh3_dlc23_chd_resource_gems_1	derpy_gg_built_brass	building_to_building_own	1.0000	1.0000	0.0000	
wh3_dlc23_chd_resource_gold_1	derpy_gg_built_brass	building_to_building_own	1.0000	1.0000	0.0000	
wh3_dlc23_chd_resource_gold_2	derpy_gg_built_brass	building_to_building_own	1.0000	1.0000	0.0000	
wh3_dlc23_chd_resource_gold_3	derpy_gg_built_brass	building_to_building_own	1.0000	1.0000	0.0000	
wh3_dlc23_chd_resource_iron_1	derpy_gg_built_brass	building_to_building_own	1.0000	1.0000	0.0000	
wh3_dlc23_chd_resource_ivory_1	derpy_gg_built_brass	building_to_building_own	1.0000	1.0000	0.0000	
wh3_dlc23_chd_resource_ivory_2	derpy_gg_built_brass	building_to_building_own	1.0000	1.0000	0.0000	
wh3_dlc23_chd_resource_ivory_3	derpy_gg_built_brass	building_to_building_own	1.0000	1.0000	0.0000	
wh3_dlc23_chd_resource_marble_1	derpy_gg_built_brass	building_to_building_own	1.0000	1.0000	0.0000	
wh3_dlc23_chd_resource_medicine_1	derpy_gg_built_brass	building_to_building_own	1.0000	1.0000	0.0000	
wh3_dlc23_chd_resource_medicine_2	derpy_gg_built_brass	building_to_building_own	1.0000	1.0000	0.0000	
wh3_dlc23_chd_resource_medicine_3	derpy_gg_built_brass	building_to_building_own	1.0000	1.0000	0.0000	
wh3_dlc23_chd_resource_obsidian_1	derpy_gg_built_brass	building_to_building_own	1.0000	1.0000	0.0000	
wh3_dlc23_chd_resource_pastures_1	derpy_gg_built_brass	building_to_building_own	1.0000	1.0000	0.0000	
wh3_dlc23_chd_resource_pastures_2	derpy_gg_built_brass	building_to_building_own	1.0000	1.0000	0.0000	
wh3_dlc23_chd_resource_pastures_3	derpy_gg_built_brass	building_to_building_own	1.0000	1.0000	0.0000	
wh3_dlc23_chd_resource_pottery_1	derpy_gg_built_brass	building_to_building_own	1.0000	1.0000	0.0000	
wh3_dlc23_chd_resource_pottery_2	derpy_gg_built_brass	building_to_building_own	1.0000	1.0000	0.0000	
wh3_dlc23_chd_resource_pottery_3	derpy_gg_built_brass	building_to_building_own	1.0000	1.0000	0.0000	
wh3_dlc23_chd_resource_salt_1	derpy_gg_built_brass	building_to_building_own	1.0000	1.0000	0.0000	
wh3_dlc23_chd_resource_salt_2	derpy_gg_built_brass	building_to_building_own	1.0000	1.0000	0.0000	
wh3_dlc23_chd_resource_salt_3	derpy_gg_built_brass	building_to_building_own	1.0000	1.0000	0.0000	
wh3_dlc23_chd_resource_spices_1	derpy_gg_built_brass	building_to_building_own	1.0000	1.0000	0.0000	
wh3_dlc23_chd_resource_spices_2	derpy_gg_built_brass	building_to_building_own	1.0000	1.0000	0.0000	
wh3_dlc23_chd_resource_spices_3	derpy_gg_built_brass	building_to_building_own	1.0000	1.0000	0.0000	
wh3_dlc23_chd_resource_timber_1	derpy_gg_built_brass	building_to_building_own	1.0000	1.0000	0.0000	
wh3_dlc23_chd_resource_wine_1	derpy_gg_built_brass	building_to_building_own	1.0000	1.0000	0.0000	
wh3_dlc23_chd_resource_wine_2	derpy_gg_built_brass	building_to_building_own	1.0000	1.0000	0.0000	
wh3_dlc23_chd_resource_wine_3	derpy_gg_built_brass	building_to_building_own	1.0000	1.0000	0.0000	
wh3_dlc23_chd_settlement_factory_1	derpy_gg_built_overseers	building_to_building_own	1.0000	1.0000	0.0000	
wh3_dlc23_chd_settlement_factory_2	derpy_gg_built_overseers	building_to_building_own	1.0000	1.0000	0.0000	
wh3_dlc23_chd_settlement_factory_3	derpy_gg_built_overseers	building_to_building_own	1.0000	1.0000	0.0000	
wh3_dlc23_chd_settlement_outpost_1	derpy_gg_built_overseers	building_to_building_own	1.0000	1.0000	0.0000	
wh3_dlc23_chd_settlement_outpost_2	derpy_gg_built_overseers	building_to_building_own	1.0000	1.0000	0.0000	
wh3_dlc23_chd_settlement_outpost_3	derpy_gg_built_overseers	building_to_building_own	1.0000	1.0000	0.0000	
wh3_dlc23_chd_settlement_tower_1	derpy_gg_built_overseers	building_to_building_own	1.0000	1.0000	0.0000	
wh3_dlc23_chd_settlement_tower_2	derpy_gg_built_overseers	building_to_building_own	1.0000	1.0000	0.0000	
wh3_dlc23_chd_settlement_tower_3	derpy_gg_built_overseers	building_to_building_own	1.0000	1.0000	0.0000	
wh3_dlc23_chd_settlement_tower_4	derpy_gg_built_overseers	building_to_building_own	1.0000	1.0000	0.0000	
wh3_dlc23_chd_settlement_tower_5	derpy_gg_built_overseers	building_to_building_own	1.0000	1.0000	0.0000	
wh3_dlc23_chd_special_settlement_tower_1	derpy_gg_built_overseers	building_to_building_own	1.0000	1.0000	0.0000	
wh3_dlc23_chd_special_settlement_tower_2	derpy_gg_built_overseers	building_to_building_own	1.0000	1.0000	0.0000	
wh3_dlc23_chd_special_settlement_tower_3	derpy_gg_built_overseers	building_to_building_own	1.0000	1.0000	0.0000	
wh3_dlc23_chd_special_settlement_tower_4	derpy_gg_built_overseers	building_to_building_own	1.0000	1.0000	0.0000	
wh3_dlc23_chd_special_settlement_tower_5	derpy_gg_built_overseers	building_to_building_own	1.0000	1.0000	0.0000	
wh3_dlc23_chd_tower_ballistics_1	derpy_gg_built_immortals	building_to_building_own	1.0000	1.0000	0.0000	
wh3_dlc23_chd_tower_ballistics_2	derpy_gg_built_immortals	building_to_building_own	1.0000	1.0000	0.0000	
wh3_dlc23_chd_tower_furnace_1	derpy_gg_built_daemonsmiths	building_to_building_own	1.0000	1.0000	0.0000	
wh3_dlc23_chd_tower_furnace_2	derpy_gg_built_daemonsmiths	building_to_building_own	1.0000	1.0000	0.0000	
wh3_dlc23_chd_tower_living_quaters_1	derpy_gg_built_overseers	building_to_building_own	1.0000	1.0000	0.0000	
wh3_dlc23_chd_tower_living_quaters_2	derpy_gg_built_overseers	building_to_building_own	1.0000	1.0000	0.0000	
wh3_dlc23_chd_tower_living_quaters_3	derpy_gg_built_overseers	building_to_building_own	1.0000	1.0000	0.0000	
wh3_dlc23_chd_tower_living_quaters_4	derpy_gg_built_overseers	building_to_building_own	1.0000	1.0000	0.0000	
wh3_dlc23_chd_tower_patrol_1	derpy_gg_built_khanate	building_to_building_own	1.0000	1.0000	0.0000	
wh3_dlc23_chd_tower_patrol_2	derpy_gg_built_khanate	building_to_building_own	1.0000	1.0000	0.0000	
wh3_dlc23_chd_tower_patrol_3	derpy_gg_built_khanate	building_to_building_own	1.0000	1.0000	0.0000	
wh3_dlc23_chd_tower_port_1	derpy_gg_built_brass	building_to_building_own	1.0000	1.0000	0.0000	
wh3_dlc23_chd_tower_port_2	derpy_gg_built_brass	building_to_building_own	1.0000	1.0000	0.0000	
wh3_dlc23_chd_tower_port_3	derpy_gg_built_brass	building_to_building_own	1.0000	1.0000	0.0000	
wh3_dlc23_chd_tower_temple_guardhouse_1	derpy_gg_built_immortals	building_to_building_own	1.0000	1.0000	0.0000	
wh3_dlc23_chd_tower_temple_guardhouse_2	derpy_gg_built_immortals	building_to_building_own	1.0000	1.0000	0.0000	
wh3_dlc23_chd_tower_temple_guardhouse_3	derpy_gg_built_immortals	building_to_building_own	1.0000	1.0000	0.0000	
wh3_dlc23_chd_tower_temple_guardhouse_4	derpy_gg_built_immortals	building_to_building_own	1.0000	1.0000	0.0000	
wh3_dlc23_chd_tower_temple_guardhouse_5	derpy_gg_built_immortals	building_to_building_own	1.0000	1.0000	0.0000	
wh3_dlc23_chd_tower_temple_of_hashut_1	derpy_gg_built_overseers	building_to_building_own	1.0000	1.0000	0.0000	
wh3_dlc23_chd_tower_tribute_halls_1	derpy_gg_built_brass	building_to_building_own	1.0000	1.0000	0.0000	
wh3_dlc23_chd_tower_tribute_halls_2	derpy_gg_built_brass	building_to_building_own	1.0000	1.0000	0.0000	
wh3_dlc23_chd_tower_tribute_halls_3	derpy_gg_built_brass	building_to_building_own	1.0000	1.0000	0.0000	
wh3_dlc23_chd_tower_tribute_halls_4	derpy_gg_built_brass	building_to_building_own	1.0000	1.0000	0.0000	
wh3_dlc23_chd_tower_tribute_halls_5	derpy_gg_built_brass	building_to_building_own	1.0000	1.0000	0.0000	
wh3_dlc23_foreign_slot_discovery_chd_1	derpy_gg_built_overseers	building_to_building_own	1.0000	1.0000	0.0000	
wh3_dlc23_special_anurells_tomb_chd	derpy_gg_built_overseers	building_to_building_own	1.0000	1.0000	0.0000	
wh3_dlc23_special_anurells_tomb_hef	derpy_gg_built_overseers_hef	building_to_building_own	1.0000	1.0000	0.0000	
wh3_dlc23_special_astragoth_great_drill_of_hashut_1	derpy_gg_built_immortals	building_to_building_own	1.0000	1.0000	0.0000	
wh3_dlc23_special_astragoth_great_drill_of_hashut_2	derpy_gg_built_immortals	building_to_building_own	1.0000	1.0000	0.0000	
wh3_dlc23_special_astragoth_great_drill_of_hashut_3	derpy_gg_built_immortals	building_to_building_own	1.0000	1.0000	0.0000	
wh3_dlc23_special_black_fortress_infernal_barracks_chd	derpy_gg_built_immortals	building_to_building_own	1.0000	1.0000	0.0000	
wh3_dlc23_special_daemons_stump_bloodthirster_prison_chd	derpy_gg_built_slavers	building_to_building_own	1.0000	1.0000	0.0000	
wh3_dlc23_special_drazhoath_great_drill_of_hashut_1	derpy_gg_built_immortals	building_to_building_own	1.0000	1.0000	0.0000	
wh3_dlc23_special_drazhoath_great_drill_of_hashut_2	derpy_gg_built_immortals	building_to_building_own	1.0000	1.0000	0.0000	
wh3_dlc23_special_drazhoath_great_drill_of_hashut_3	derpy_gg_built_immortals	building_to_building_own	1.0000	1.0000	0.0000	
wh3_dlc23_special_empire_fort_chd_1	derpy_gg_built_overseers	building_to_building_own	1.0000	1.0000	0.0000	
wh3_dlc23_special_empire_fort_chd_2	derpy_gg_built_overseers	building_to_building_own	1.0000	1.0000	0.0000	
wh3_dlc23_special_empire_fort_chd_3	derpy_gg_built_overseers	building_to_building_own	1.0000	1.0000	0.0000	
wh3_dlc23_special_empire_fort_chd_4	derpy_gg_built_overseers	building_to_building_own	1.0000	1.0000	0.0000	
wh3_dlc23_special_empire_fort_chd_5	derpy_gg_built_overseers	building_to_building_own	1.0000	1.0000	0.0000	
wh3_dlc23_special_flayed_rock_flayed_tower_chd	derpy_gg_built_overseers	building_to_building_own	1.0000	1.0000	0.0000	
wh3_dlc23_special_fortress_of_dawn_dawns_harbour_chd_1	derpy_gg_built_immortals	building_to_building_own	1.0000	1.0000	0.0000	
wh3_dlc23_special_fortress_of_dawn_dawns_harbour_chd_2	derpy_gg_built_immortals	building_to_building_own	1.0000	1.0000	0.0000	
wh3_dlc23_special_fortress_of_dawn_dawns_harbour_chd_3	derpy_gg_built_immortals	building_to_building_own	1.0000	1.0000	0.0000	
wh3_dlc23_special_fortress_of_dawn_dawns_harbour_def_1	derpy_gg_built_immortals_def	building_to_building_own	1.0000	1.0000	0.0000	
wh3_dlc23_special_fortress_of_dawn_dawns_harbour_def_2	derpy_gg_built_immortals_def	building_to_building_own	1.0000	1.0000	0.0000	
wh3_dlc23_special_fortress_of_dawn_dawns_harbour_def_3	derpy_gg_built_immortals_def	building_to_building_own	1.0000	1.0000	0.0000	
wh3_dlc23_special_fortress_of_dawn_dawns_harbour_hef_1	derpy_gg_built_immortals_hef	building_to_building_own	1.0000	1.0000	0.0000	
wh3_dlc23_special_fortress_of_dawn_dawns_harbour_hef_2	derpy_gg_built_immortals_hef	building_to_building_own	1.0000	1.0000	0.0000	
wh3_dlc23_special_fortress_of_dawn_dawns_harbour_hef_3	derpy_gg_built_immortals_hef	building_to_building_own	1.0000	1.0000	0.0000	
wh3_dlc23_special_graves_of_the_dragons_chd	derpy_gg_built_overseers	building_to_building_own	1.0000	1.0000	0.0000	
wh3_dlc23_special_great_desert_secluded_oasis_chd_1	derpy_gg_built_overseers	building_to_building_own	1.0000	1.0000	0.0000	
wh3_dlc23_special_great_desert_secluded_oasis_chd_2	derpy_gg_built_overseers	building_to_building_own	1.0000	1.0000	0.0000	
wh3_dlc23_special_great_temple_of_hashut_chd	derpy_gg_built_overseers	building_to_building_own	1.0000	1.0000	0.0000	
wh3_dlc23_special_iron_storm_warmachine_graveyard_chd	derpy_gg_built_brass	building_to_building_own	1.0000	1.0000	0.0000	
wh3_dlc23_special_karak_kadrin_defaced_shrine_chd	derpy_gg_built_overseers	building_to_building_own	1.0000	1.0000	0.0000	
wh3_dlc23_special_karond_kar_slavers_pens_chd	derpy_gg_built_slavers	building_to_building_own	1.0000	1.0000	0.0000	
wh3_dlc23_special_nan_gau_repurposed_forges_chd	derpy_gg_built_daemonsmiths	building_to_building_own	1.0000	1.0000	0.0000	
wh3_dlc23_special_nuln_cannon_foundry_chd	derpy_gg_built_overseers	building_to_building_own	1.0000	1.0000	0.0000	
wh3_dlc23_special_sentinels_trade_station_chd	derpy_gg_built_brass	building_to_building_own	1.0000	1.0000	0.0000	
wh3_dlc23_special_skavenblight_warpforges_chd	derpy_gg_built_daemonsmiths	building_to_building_own	1.0000	1.0000	0.0000	
wh3_dlc23_special_the_volary_tomb_of_khengai_khan_chd	derpy_gg_built_overseers	building_to_building_own	1.0000	1.0000	0.0000	
wh3_dlc23_special_tower_of_gorgoth_volcanic_deposits_chd	derpy_gg_built_overseers	building_to_building_own	1.0000	1.0000	0.0000	
wh3_dlc23_special_uzkulak_ancient_inner_city_chd	derpy_gg_built_overseers	building_to_building_own	1.0000	1.0000	0.0000	
wh3_dlc23_special_zhatan_great_drill_of_hashut_1	derpy_gg_built_immortals	building_to_building_own	1.0000	1.0000	0.0000	
wh3_dlc23_special_zhatan_great_drill_of_hashut_2	derpy_gg_built_immortals	building_to_building_own	1.0000	1.0000	0.0000	
wh3_dlc23_special_zhatan_great_drill_of_hashut_3	derpy_gg_built_immortals	building_to_building_own	1.0000	1.0000	0.0000	
wh3_dlc24_cth_special_jade_dragon_astromantic_relay	derpy_gg_built_overseers_cth	building_to_building_own	1.0000	1.0000	0.0000	
wh3_dlc24_ksl_bears_1_5	derpy_gg_built_overseers_ksl	building_to_building_own	1.0000	1.0000	0.0000	
wh3_dlc24_ksl_bears_mother_ostankya_1	derpy_gg_built_overseers_ksl	building_to_building_own	1.0000	1.0000	0.0000	
wh3_dlc24_ksl_bears_mother_ostankya_2	derpy_gg_built_overseers_ksl	building_to_building_own	1.0000	1.0000	0.0000	
wh3_dlc24_ksl_bears_mother_ostankya_3	derpy_gg_built_overseers_ksl	building_to_building_own	1.0000	1.0000	0.0000	
wh3_dlc24_ksl_bears_mother_ostankya_4	derpy_gg_built_overseers_ksl	building_to_building_own	1.0000	1.0000	0.0000	
wh3_dlc24_ksl_bears_mother_ostankya_5	derpy_gg_built_overseers_ksl	building_to_building_own	1.0000	1.0000	0.0000	
wh3_dlc24_ksl_woods_1	derpy_gg_built_overseers_ksl	building_to_building_own	1.0000	1.0000	0.0000	
wh3_dlc24_ksl_woods_2	derpy_gg_built_overseers_ksl	building_to_building_own	1.0000	1.0000	0.0000	
wh3_dlc24_ksl_woods_3	derpy_gg_built_overseers_ksl	building_to_building_own	1.0000	1.0000	0.0000	
wh3_dlc24_special_njevskis_citadel	derpy_gg_built_overseers_ksl	building_to_building_own	1.0000	1.0000	0.0000	
wh3_dlc24_special_ostankyas_hut	derpy_gg_built_overseers_ksl	building_to_building_own	1.0000	1.0000	0.0000	
wh3_dlc24_special_talon_of_agony_1	derpy_gg_built_overseers_def	building_to_building_own	1.0000	1.0000	0.0000	
wh3_dlc24_special_talon_of_agony_2	derpy_gg_built_overseers_def	building_to_building_own	1.0000	1.0000	0.0000	
wh3_dlc24_special_the_palace_of_scrolls	derpy_gg_built_overseers_cth	building_to_building_own	1.0000	1.0000	0.0000	
wh3_dlc24_special_the_widows_tree	derpy_gg_built_overseers_ksl	building_to_building_own	1.0000	1.0000	0.0000	
wh3_dlc25_dwarf_spirit_of_grungni_airship_hull_1	derpy_gg_built_overseers_dwf	building_to_building_own	1.0000	1.0000	0.0000	
wh3_dlc25_dwarf_spirit_of_grungni_airship_hull_2	derpy_gg_built_overseers_dwf	building_to_building_own	1.0000	1.0000	0.0000	
wh3_dlc25_dwarf_spirit_of_grungni_airship_hull_3	derpy_gg_built_overseers_dwf	building_to_building_own	1.0000	1.0000	0.0000	
wh3_dlc25_dwarf_spirit_of_grungni_airship_hull_4	derpy_gg_built_overseers_dwf	building_to_building_own	1.0000	1.0000	0.0000	
wh3_dlc25_dwarf_spirit_of_grungni_airship_hull_5	derpy_gg_built_overseers_dwf	building_to_building_own	1.0000	1.0000	0.0000	
wh3_dlc25_dwarf_spirit_of_grungni_artillery_workshop_1	derpy_gg_built_immortals_dwf	building_to_building_own	1.0000	1.0000	0.0000	
wh3_dlc25_dwarf_spirit_of_grungni_artillery_workshop_2	derpy_gg_built_immortals_dwf	building_to_building_own	1.0000	1.0000	0.0000	
wh3_dlc25_dwarf_spirit_of_grungni_artillery_workshop_3	derpy_gg_built_immortals_dwf	building_to_building_own	1.0000	1.0000	0.0000	
wh3_dlc25_dwarf_spirit_of_grungni_barracks_1	derpy_gg_built_immortals_dwf	building_to_building_own	1.0000	1.0000	0.0000	
wh3_dlc25_dwarf_spirit_of_grungni_barracks_2	derpy_gg_built_immortals_dwf	building_to_building_own	1.0000	1.0000	0.0000	
wh3_dlc25_dwarf_spirit_of_grungni_barracks_3	derpy_gg_built_immortals_dwf	building_to_building_own	1.0000	1.0000	0.0000	
wh3_dlc25_dwarf_spirit_of_grungni_beer_hall_1	derpy_gg_built_overseers_dwf	building_to_building_own	1.0000	1.0000	0.0000	
wh3_dlc25_dwarf_spirit_of_grungni_beer_hall_2	derpy_gg_built_overseers_dwf	building_to_building_own	1.0000	1.0000	0.0000	
wh3_dlc25_dwarf_spirit_of_grungni_beer_hall_3	derpy_gg_built_overseers_dwf	building_to_building_own	1.0000	1.0000	0.0000	
wh3_dlc25_dwarf_spirit_of_grungni_cargo_hold_1	derpy_gg_built_overseers_dwf	building_to_building_own	1.0000	1.0000	0.0000	
wh3_dlc25_dwarf_spirit_of_grungni_cargo_hold_2	derpy_gg_built_overseers_dwf	building_to_building_own	1.0000	1.0000	0.0000	
wh3_dlc25_dwarf_spirit_of_grungni_cargo_hold_3	derpy_gg_built_overseers_dwf	building_to_building_own	1.0000	1.0000	0.0000	
wh3_dlc25_dwarf_spirit_of_grungni_crew_weapons_1	derpy_gg_built_overseers_dwf	building_to_building_own	1.0000	1.0000	0.0000	
wh3_dlc25_dwarf_spirit_of_grungni_crew_weapons_2	derpy_gg_built_overseers_dwf	building_to_building_own	1.0000	1.0000	0.0000	
wh3_dlc25_dwarf_spirit_of_grungni_crew_weapons_3	derpy_gg_built_overseers_dwf	building_to_building_own	1.0000	1.0000	0.0000	
wh3_dlc25_dwarf_spirit_of_grungni_engineering_workshop_1	derpy_gg_built_daemonsmiths_dwf	building_to_building_own	1.0000	1.0000	0.0000	
wh3_dlc25_dwarf_spirit_of_grungni_engineering_workshop_2	derpy_gg_built_daemonsmiths_dwf	building_to_building_own	1.0000	1.0000	0.0000	
wh3_dlc25_dwarf_spirit_of_grungni_engineering_workshop_3	derpy_gg_built_daemonsmiths_dwf	building_to_building_own	1.0000	1.0000	0.0000	
wh3_dlc25_dwarf_spirit_of_grungni_engines_1	derpy_gg_built_overseers_dwf	building_to_building_own	1.0000	1.0000	0.0000	
wh3_dlc25_dwarf_spirit_of_grungni_engines_2	derpy_gg_built_overseers_dwf	building_to_building_own	1.0000	1.0000	0.0000	
wh3_dlc25_dwarf_spirit_of_grungni_engines_3	derpy_gg_built_overseers_dwf	building_to_building_own	1.0000	1.0000	0.0000	
wh3_dlc25_dwarf_spirit_of_grungni_infantry_workshop_1	derpy_gg_built_daemonsmiths_dwf	building_to_building_own	1.0000	1.0000	0.0000	
wh3_dlc25_dwarf_spirit_of_grungni_infantry_workshop_2	derpy_gg_built_daemonsmiths_dwf	building_to_building_own	1.0000	1.0000	0.0000	
wh3_dlc25_dwarf_spirit_of_grungni_support_radius_1	derpy_gg_built_overseers_dwf	building_to_building_own	1.0000	1.0000	0.0000	
wh3_dlc25_dwarf_spirit_of_grungni_support_radius_2	derpy_gg_built_overseers_dwf	building_to_building_own	1.0000	1.0000	0.0000	
wh3_dlc25_dwf_ranger_hub_2_all	derpy_gg_built_overseers_dwf	building_to_building_own	1.0000	1.0000	0.0000	
wh3_dlc25_dwf_special_settlement_oak_of_ages_1	derpy_gg_built_overseers_dwf	building_to_building_own	1.0000	1.0000	0.0000	
wh3_dlc25_dwf_trade_depot_3	derpy_gg_built_brass_dwf	building_to_building_own	1.0000	1.0000	0.0000	
wh3_dlc25_dwf_trade_depot_4	derpy_gg_built_brass_dwf	building_to_building_own	1.0000	1.0000	0.0000	
wh3_dlc25_dwf_trade_depot_5	derpy_gg_built_brass_dwf	building_to_building_own	1.0000	1.0000	0.0000	
wh3_dlc25_dwf_workshop_infantry_1	derpy_gg_built_daemonsmiths_dwf	building_to_building_own	1.0000	1.0000	0.0000	
wh3_dlc25_dwf_workshop_infantry_2	derpy_gg_built_daemonsmiths_dwf	building_to_building_own	1.0000	1.0000	0.0000	
wh3_dlc25_emp_shooting_range_1	derpy_gg_built_overseers_emp	building_to_building_own	1.0000	1.0000	0.0000	
wh3_dlc25_emp_shooting_range_2	derpy_gg_built_overseers_emp	building_to_building_own	1.0000	1.0000	0.0000	
wh3_dlc25_emp_shooting_range_3	derpy_gg_built_overseers_emp	building_to_building_own	1.0000	1.0000	0.0000	
wh3_dlc25_emp_wizards_3	derpy_gg_built_overseers_emp	building_to_building_own	1.0000	1.0000	0.0000	
wh3_dlc25_gom_chamber_of_the_dark_lady_1	derpy_gg_built_overseers_emp	building_to_building_own	1.0000	1.0000	0.0000	
wh3_dlc25_gom_militia_of_morr_1	derpy_gg_built_overseers_emp	building_to_building_own	1.0000	1.0000	0.0000	
wh3_dlc25_gom_spiriters_study_1	derpy_gg_built_overseers_emp	building_to_building_own	1.0000	1.0000	0.0000	
wh3_dlc25_gom_temple_of_morr_1	derpy_gg_built_overseers_emp	building_to_building_own	1.0000	1.0000	0.0000	
wh3_dlc25_special_ancestors_hall_1	derpy_gg_built_overseers_dwf	building_to_building_own	1.0000	1.0000	0.0000	
wh3_dlc25_special_black_rose_chapterhouse	derpy_gg_built_overseers_emp	building_to_building_own	1.0000	1.0000	0.0000	
wh3_dlc25_special_black_rose_chapterhouse_stables	derpy_gg_built_overseers_emp	building_to_building_own	1.0000	1.0000	0.0000	
wh3_dlc25_special_dwf_reclaimed_hold_1	derpy_gg_built_overseers_dwf	building_to_building_own	1.0000	1.0000	0.0000	
wh3_dlc25_special_dwf_reclaimed_hold_2	derpy_gg_built_overseers_dwf	building_to_building_own	1.0000	1.0000	0.0000	
wh3_dlc25_special_gelt_elemental_temple	derpy_gg_built_overseers_emp	building_to_building_own	1.0000	1.0000	0.0000	
wh3_dlc25_special_gelt_embassy_1	derpy_gg_built_overseers_emp	building_to_building_own	1.0000	1.0000	0.0000	
wh3_dlc25_special_gelt_embassy_2	derpy_gg_built_overseers_emp	building_to_building_own	1.0000	1.0000	0.0000	
wh3_dlc25_special_hall_of_dragons_dwf	derpy_gg_built_overseers_dwf	building_to_building_own	1.0000	1.0000	0.0000	
wh3_dlc25_special_oak_of_ages_exploited_dwf	derpy_gg_built_overseers_dwf	building_to_building_own	1.0000	1.0000	0.0000	
wh3_dlc27_hef_colony_defence_garrison_1	derpy_gg_built_immortals_hef	building_to_building_own	1.0000	1.0000	0.0000	
wh3_dlc27_hef_colony_defence_garrison_2	derpy_gg_built_immortals_hef	building_to_building_own	1.0000	1.0000	0.0000	
wh3_dlc27_hef_colony_defence_garrison_3	derpy_gg_built_immortals_hef	building_to_building_own	1.0000	1.0000	0.0000	
wh3_dlc27_hef_colony_defence_sea_guard_1	derpy_gg_built_immortals_hef	building_to_building_own	1.0000	1.0000	0.0000	
wh3_dlc27_hef_colony_defence_sea_guard_2	derpy_gg_built_immortals_hef	building_to_building_own	1.0000	1.0000	0.0000	
wh3_dlc27_hef_colony_defence_sea_guard_3	derpy_gg_built_immortals_hef	building_to_building_own	1.0000	1.0000	0.0000	
wh3_dlc27_hef_colony_dragonship_supplies_cost_1	derpy_gg_built_overseers_hef	building_to_building_own	1.0000	1.0000	0.0000	
wh3_dlc27_hef_colony_dragonship_supplies_cost_2	derpy_gg_built_overseers_hef	building_to_building_own	1.0000	1.0000	0.0000	
wh3_dlc27_hef_colony_dragonship_supplies_cost_3	derpy_gg_built_overseers_hef	building_to_building_own	1.0000	1.0000	0.0000	
wh3_dlc27_hef_colony_dragonship_supplies_income_1	derpy_gg_built_overseers_hef	building_to_building_own	1.0000	1.0000	0.0000	
wh3_dlc27_hef_colony_dragonship_supplies_income_2a	derpy_gg_built_overseers_hef	building_to_building_own	1.0000	1.0000	0.0000	
wh3_dlc27_hef_colony_dragonship_supplies_income_2b	derpy_gg_built_overseers_hef	building_to_building_own	1.0000	1.0000	0.0000	
wh3_dlc27_hef_colony_dragonship_supplies_income_3a	derpy_gg_built_overseers_hef	building_to_building_own	1.0000	1.0000	0.0000	
wh3_dlc27_hef_colony_dragonship_supplies_income_3b	derpy_gg_built_overseers_hef	building_to_building_own	1.0000	1.0000	0.0000	
wh3_dlc27_hef_colony_economy_income_1	derpy_gg_built_overseers_hef	building_to_building_own	1.0000	1.0000	0.0000	
wh3_dlc27_hef_colony_economy_income_2	derpy_gg_built_overseers_hef	building_to_building_own	1.0000	1.0000	0.0000	
wh3_dlc27_hef_colony_economy_income_3	derpy_gg_built_overseers_hef	building_to_building_own	1.0000	1.0000	0.0000	
wh3_dlc27_hef_colony_economy_market_1	derpy_gg_built_brass_hef	building_to_building_own	1.0000	1.0000	0.0000	
wh3_dlc27_hef_colony_economy_market_2	derpy_gg_built_brass_hef	building_to_building_own	1.0000	1.0000	0.0000	
wh3_dlc27_hef_colony_economy_market_3	derpy_gg_built_brass_hef	building_to_building_own	1.0000	1.0000	0.0000	
wh3_dlc27_hef_colony_economy_trade_1	derpy_gg_built_brass_hef	building_to_building_own	1.0000	1.0000	0.0000	
wh3_dlc27_hef_colony_economy_trade_2	derpy_gg_built_brass_hef	building_to_building_own	1.0000	1.0000	0.0000	
wh3_dlc27_hef_colony_economy_trade_3	derpy_gg_built_brass_hef	building_to_building_own	1.0000	1.0000	0.0000	
wh3_dlc27_hef_colony_influence_1	derpy_gg_built_overseers_hef	building_to_building_own	1.0000	1.0000	0.0000	
wh3_dlc27_hef_colony_port_1	derpy_gg_built_brass_hef	building_to_building_own	1.0000	1.0000	0.0000	
wh3_dlc27_hef_colony_port_2	derpy_gg_built_brass_hef	building_to_building_own	1.0000	1.0000	0.0000	
wh3_dlc27_hef_colony_port_3	derpy_gg_built_brass_hef	building_to_building_own	1.0000	1.0000	0.0000	
wh3_dlc27_hef_colony_recruitment_artillery_1	derpy_gg_built_immortals_hef	building_to_building_own	1.0000	1.0000	0.0000	
wh3_dlc27_hef_colony_recruitment_artillery_2	derpy_gg_built_immortals_hef	building_to_building_own	1.0000	1.0000	0.0000	
wh3_dlc27_hef_colony_recruitment_artillery_3	derpy_gg_built_immortals_hef	building_to_building_own	1.0000	1.0000	0.0000	
wh3_dlc27_hef_colony_recruitment_barracks_1	derpy_gg_built_immortals_hef	building_to_building_own	1.0000	1.0000	0.0000	
wh3_dlc27_hef_colony_recruitment_barracks_2	derpy_gg_built_immortals_hef	building_to_building_own	1.0000	1.0000	0.0000	
wh3_dlc27_hef_colony_recruitment_barracks_3	derpy_gg_built_immortals_hef	building_to_building_own	1.0000	1.0000	0.0000	
wh3_dlc27_hef_colony_recruitment_barracks_4	derpy_gg_built_immortals_hef	building_to_building_own	1.0000	1.0000	0.0000	
wh3_dlc27_hef_colony_recruitment_stables_1	derpy_gg_built_overseers_hef	building_to_building_own	1.0000	1.0000	0.0000	
wh3_dlc27_hef_colony_recruitment_stables_2	derpy_gg_built_overseers_hef	building_to_building_own	1.0000	1.0000	0.0000	
wh3_dlc27_hef_colony_recruitment_stables_3	derpy_gg_built_overseers_hef	building_to_building_own	1.0000	1.0000	0.0000	
wh3_dlc27_hef_colony_settlement_major_1	derpy_gg_built_overseers_hef	building_to_building_own	1.0000	1.0000	0.0000	
wh3_dlc27_hef_colony_settlement_major_2	derpy_gg_built_overseers_hef	building_to_building_own	1.0000	1.0000	0.0000	
wh3_dlc27_hef_colony_settlement_major_3	derpy_gg_built_overseers_hef	building_to_building_own	1.0000	1.0000	0.0000	
wh3_dlc27_hef_colony_settlement_major_4	derpy_gg_built_overseers_hef	building_to_building_own	1.0000	1.0000	0.0000	
wh3_dlc27_hef_colony_settlement_major_5	derpy_gg_built_overseers_hef	building_to_building_own	1.0000	1.0000	0.0000	
wh3_dlc27_hef_colony_settlement_minor_1	derpy_gg_built_overseers_hef	building_to_building_own	1.0000	1.0000	0.0000	
wh3_dlc27_hef_colony_settlement_minor_2	derpy_gg_built_overseers_hef	building_to_building_own	1.0000	1.0000	0.0000	
wh3_dlc27_hef_colony_settlement_minor_3	derpy_gg_built_overseers_hef	building_to_building_own	1.0000	1.0000	0.0000	
wh3_dlc27_hef_dragonship_aoe_1	derpy_gg_built_overseers_hef	building_to_building_own	1.0000	1.0000	0.0000	
wh3_dlc27_hef_dragonship_aoe_2	derpy_gg_built_overseers_hef	building_to_building_own	1.0000	1.0000	0.0000	
wh3_dlc27_hef_dragonship_aoe_3a	derpy_gg_built_overseers_hef	building_to_building_own	1.0000	1.0000	0.0000	
wh3_dlc27_hef_dragonship_aoe_3b	derpy_gg_built_overseers_hef	building_to_building_own	1.0000	1.0000	0.0000	
wh3_dlc27_hef_dragonship_aquatic_1	derpy_gg_built_overseers_hef	building_to_building_own	1.0000	1.0000	0.0000	
wh3_dlc27_hef_dragonship_aquatic_2	derpy_gg_built_overseers_hef	building_to_building_own	1.0000	1.0000	0.0000	
wh3_dlc27_hef_dragonship_aquatic_3	derpy_gg_built_overseers_hef	building_to_building_own	1.0000	1.0000	0.0000	
wh3_dlc27_hef_dragonship_artillery_1	derpy_gg_built_immortals_hef	building_to_building_own	1.0000	1.0000	0.0000	
wh3_dlc27_hef_dragonship_artillery_2	derpy_gg_built_immortals_hef	building_to_building_own	1.0000	1.0000	0.0000	
wh3_dlc27_hef_dragonship_artillery_3	derpy_gg_built_immortals_hef	building_to_building_own	1.0000	1.0000	0.0000	
wh3_dlc27_hef_dragonship_barracks_1	derpy_gg_built_immortals_hef	building_to_building_own	1.0000	1.0000	0.0000	
wh3_dlc27_hef_dragonship_barracks_2	derpy_gg_built_immortals_hef	building_to_building_own	1.0000	1.0000	0.0000	
wh3_dlc27_hef_dragonship_barracks_3	derpy_gg_built_immortals_hef	building_to_building_own	1.0000	1.0000	0.0000	
wh3_dlc27_hef_dragonship_barracks_4	derpy_gg_built_immortals_hef	building_to_building_own	1.0000	1.0000	0.0000	
wh3_dlc27_hef_dragonship_beasts_1	derpy_gg_built_immortals_hef	building_to_building_own	1.0000	1.0000	0.0000	
wh3_dlc27_hef_dragonship_beasts_2	derpy_gg_built_immortals_hef	building_to_building_own	1.0000	1.0000	0.0000	
wh3_dlc27_hef_dragonship_beasts_3	derpy_gg_built_immortals_hef	building_to_building_own	1.0000	1.0000	0.0000	
wh3_dlc27_hef_dragonship_beasts_4	derpy_gg_built_immortals_hef	building_to_building_own	1.0000	1.0000	0.0000	
wh3_dlc27_hef_dragonship_dragons_1	derpy_gg_built_overseers_hef	building_to_building_own	1.0000	1.0000	0.0000	
wh3_dlc27_hef_dragonship_dragons_2	derpy_gg_built_overseers_hef	building_to_building_own	1.0000	1.0000	0.0000	
wh3_dlc27_hef_dragonship_extra_1	derpy_gg_built_overseers_hef	building_to_building_own	1.0000	1.0000	0.0000	
wh3_dlc27_hef_dragonship_extra_2a	derpy_gg_built_overseers_hef	building_to_building_own	1.0000	1.0000	0.0000	
wh3_dlc27_hef_dragonship_extra_2b	derpy_gg_built_overseers_hef	building_to_building_own	1.0000	1.0000	0.0000	
wh3_dlc27_hef_dragonship_extra_2c	derpy_gg_built_overseers_hef	building_to_building_own	1.0000	1.0000	0.0000	
wh3_dlc27_hef_dragonship_main_building_1	derpy_gg_built_overseers_hef	building_to_building_own	1.0000	1.0000	0.0000	
wh3_dlc27_hef_dragonship_main_building_2	derpy_gg_built_overseers_hef	building_to_building_own	1.0000	1.0000	0.0000	
wh3_dlc27_hef_dragonship_main_building_3	derpy_gg_built_overseers_hef	building_to_building_own	1.0000	1.0000	0.0000	
wh3_dlc27_hef_dragonship_main_building_4	derpy_gg_built_overseers_hef	building_to_building_own	1.0000	1.0000	0.0000	
wh3_dlc27_hef_dragonship_main_building_5	derpy_gg_built_overseers_hef	building_to_building_own	1.0000	1.0000	0.0000	
wh3_dlc27_hef_dragonship_main_building_aislinn_1	derpy_gg_built_overseers_hef	building_to_building_own	1.0000	1.0000	0.0000	
wh3_dlc27_hef_dragonship_main_building_aislinn_2	derpy_gg_built_overseers_hef	building_to_building_own	1.0000	1.0000	0.0000	
wh3_dlc27_hef_dragonship_main_building_aislinn_3	derpy_gg_built_overseers_hef	building_to_building_own	1.0000	1.0000	0.0000	
wh3_dlc27_hef_dragonship_main_building_aislinn_4	derpy_gg_built_overseers_hef	building_to_building_own	1.0000	1.0000	0.0000	
wh3_dlc27_hef_dragonship_main_building_aislinn_5	derpy_gg_built_overseers_hef	building_to_building_own	1.0000	1.0000	0.0000	
wh3_dlc27_hef_dragonship_navigation_1	derpy_gg_built_overseers_hef	building_to_building_own	1.0000	1.0000	0.0000	
wh3_dlc27_hef_dragonship_navigation_2	derpy_gg_built_overseers_hef	building_to_building_own	1.0000	1.0000	0.0000	
wh3_dlc27_hef_dragonship_navigation_3a	derpy_gg_built_overseers_hef	building_to_building_own	1.0000	1.0000	0.0000	
wh3_dlc27_hef_dragonship_navigation_3b	derpy_gg_built_overseers_hef	building_to_building_own	1.0000	1.0000	0.0000	
wh3_dlc27_hef_dragonship_navigation_4a	derpy_gg_built_overseers_hef	building_to_building_own	1.0000	1.0000	0.0000	
wh3_dlc27_hef_dragonship_navigation_4b	derpy_gg_built_overseers_hef	building_to_building_own	1.0000	1.0000	0.0000	
wh3_dlc27_hef_dragonship_respite_1	derpy_gg_built_overseers_hef	building_to_building_own	1.0000	1.0000	0.0000	
wh3_dlc27_hef_dragonship_respite_2	derpy_gg_built_overseers_hef	building_to_building_own	1.0000	1.0000	0.0000	
wh3_dlc27_hef_dragonship_respite_3a	derpy_gg_built_overseers_hef	building_to_building_own	1.0000	1.0000	0.0000	
wh3_dlc27_hef_dragonship_respite_3b	derpy_gg_built_overseers_hef	building_to_building_own	1.0000	1.0000	0.0000	
wh3_dlc27_hef_dragonship_treasury_1	derpy_gg_built_brass_hef	building_to_building_own	1.0000	1.0000	0.0000	
wh3_dlc27_hef_dragonship_treasury_2	derpy_gg_built_brass_hef	building_to_building_own	1.0000	1.0000	0.0000	
wh3_dlc27_hef_dragonship_treasury_3a	derpy_gg_built_brass_hef	building_to_building_own	1.0000	1.0000	0.0000	
wh3_dlc27_hef_dragonship_treasury_3b	derpy_gg_built_brass_hef	building_to_building_own	1.0000	1.0000	0.0000	
wh3_dlc27_hef_dragonship_xp_1	derpy_gg_built_overseers_hef	building_to_building_own	1.0000	1.0000	0.0000	
wh3_dlc27_hef_dragonship_xp_2	derpy_gg_built_overseers_hef	building_to_building_own	1.0000	1.0000	0.0000	
wh3_dlc27_hef_dragonship_xp_3a	derpy_gg_built_overseers_hef	building_to_building_own	1.0000	1.0000	0.0000	
wh3_dlc27_hef_dragonship_xp_3b	derpy_gg_built_overseers_hef	building_to_building_own	1.0000	1.0000	0.0000	
wh3_dlc27_hef_sea_patrol_outpost_defence_garrison_1	derpy_gg_built_immortals_hef	building_to_building_own	1.0000	1.0000	0.0000	
wh3_dlc27_hef_sea_patrol_outpost_defence_garrison_2a	derpy_gg_built_immortals_hef	building_to_building_own	1.0000	1.0000	0.0000	
wh3_dlc27_hef_sea_patrol_outpost_defence_garrison_2b	derpy_gg_built_immortals_hef	building_to_building_own	1.0000	1.0000	0.0000	
wh3_dlc27_hef_sea_patrol_outpost_defence_garrison_2c	derpy_gg_built_immortals_hef	building_to_building_own	1.0000	1.0000	0.0000	
wh3_dlc27_hef_sea_patrol_outpost_defence_garrison_3a	derpy_gg_built_immortals_hef	building_to_building_own	1.0000	1.0000	0.0000	
wh3_dlc27_hef_sea_patrol_outpost_defence_garrison_3b	derpy_gg_built_immortals_hef	building_to_building_own	1.0000	1.0000	0.0000	
wh3_dlc27_hef_sea_patrol_outpost_defence_garrison_3c	derpy_gg_built_immortals_hef	building_to_building_own	1.0000	1.0000	0.0000	
wh3_dlc27_hef_sea_patrol_outpost_defence_garrison_3d	derpy_gg_built_immortals_hef	building_to_building_own	1.0000	1.0000	0.0000	
wh3_dlc27_hef_sea_patrol_outpost_defence_garrison_3e	derpy_gg_built_immortals_hef	building_to_building_own	1.0000	1.0000	0.0000	
wh3_dlc27_hef_sea_patrol_outpost_focus_1	derpy_gg_built_khanate_hef	building_to_building_own	1.0000	1.0000	0.0000	
wh3_dlc27_hef_sea_patrol_outpost_focus_2a	derpy_gg_built_khanate_hef	building_to_building_own	1.0000	1.0000	0.0000	
wh3_dlc27_hef_sea_patrol_outpost_focus_2b	derpy_gg_built_khanate_hef	building_to_building_own	1.0000	1.0000	0.0000	
wh3_dlc27_hef_sea_patrol_outpost_focus_2c	derpy_gg_built_khanate_hef	building_to_building_own	1.0000	1.0000	0.0000	
wh3_dlc27_hef_sea_patrol_outpost_income_branch_1	derpy_gg_built_khanate_hef	building_to_building_own	1.0000	1.0000	0.0000	
wh3_dlc27_hef_sea_patrol_outpost_income_branch_2a	derpy_gg_built_khanate_hef	building_to_building_own	1.0000	1.0000	0.0000	
wh3_dlc27_hef_sea_patrol_outpost_income_branch_2b	derpy_gg_built_khanate_hef	building_to_building_own	1.0000	1.0000	0.0000	
wh3_dlc27_hef_sea_patrol_outpost_income_branch_2c	derpy_gg_built_khanate_hef	building_to_building_own	1.0000	1.0000	0.0000	
wh3_dlc27_hef_sea_patrol_outpost_income_branch_2d	derpy_gg_built_khanate_hef	building_to_building_own	1.0000	1.0000	0.0000	
wh3_dlc27_hef_sea_patrol_outpost_income_branch_2e	derpy_gg_built_khanate_hef	building_to_building_own	1.0000	1.0000	0.0000	
wh3_dlc27_hef_sea_patrol_outpost_income_branch_3a	derpy_gg_built_khanate_hef	building_to_building_own	1.0000	1.0000	0.0000	
wh3_dlc27_hef_sea_patrol_outpost_income_branch_3b	derpy_gg_built_khanate_hef	building_to_building_own	1.0000	1.0000	0.0000	
wh3_dlc27_hef_sea_patrol_outpost_income_branch_3c	derpy_gg_built_khanate_hef	building_to_building_own	1.0000	1.0000	0.0000	
wh3_dlc27_hef_sea_patrol_outpost_income_branch_3d	derpy_gg_built_khanate_hef	building_to_building_own	1.0000	1.0000	0.0000	
wh3_dlc27_hef_sea_patrol_outpost_income_branch_3e	derpy_gg_built_khanate_hef	building_to_building_own	1.0000	1.0000	0.0000	
wh3_dlc27_hef_smith_0	derpy_gg_built_daemonsmiths_hef	building_to_building_own	1.0000	1.0000	0.0000	
wh3_dlc27_hef_special_chamber_of_the_phoenix_crown	derpy_gg_built_overseers_hef	building_to_building_own	1.0000	1.0000	0.0000	
wh3_dlc27_hef_special_colony_arnheim	derpy_gg_built_overseers_hef	building_to_building_own	1.0000	1.0000	0.0000	
wh3_dlc27_hef_special_colony_citadel_of_dusk	derpy_gg_built_overseers_hef	building_to_building_own	1.0000	1.0000	0.0000	
wh3_dlc27_hef_special_colony_fortress_of_dawn	derpy_gg_built_immortals_hef	building_to_building_own	1.0000	1.0000	0.0000	
wh3_dlc27_hef_special_colony_great_turtle_isle	derpy_gg_built_overseers_hef	building_to_building_own	1.0000	1.0000	0.0000	
wh3_dlc27_hef_special_colony_gronti_mingol	derpy_gg_built_overseers_hef	building_to_building_own	1.0000	1.0000	0.0000	
wh3_dlc27_hef_special_colony_the_star_tower	derpy_gg_built_overseers_hef	building_to_building_own	1.0000	1.0000	0.0000	
wh3_dlc27_hef_special_colony_tor_elasor	derpy_gg_built_overseers_hef	building_to_building_own	1.0000	1.0000	0.0000	
wh3_dlc27_hef_special_colony_tower_of_the_stars	derpy_gg_built_overseers_hef	building_to_building_own	1.0000	1.0000	0.0000	
wh3_dlc27_hef_special_colony_tower_of_the_sun	derpy_gg_built_overseers_hef	building_to_building_own	1.0000	1.0000	0.0000	
wh3_dlc27_teb_allied_outpost_1	derpy_gg_built_overseers_emp	building_to_building_own	1.0000	1.0000	0.0000	
wh3_dlc27_teb_allied_outpost_2	derpy_gg_built_overseers_emp	building_to_building_own	1.0000	1.0000	0.0000	
wh3_dlc27_teb_allied_outpost_3	derpy_gg_built_overseers_emp	building_to_building_own	1.0000	1.0000	0.0000	
wh3_dlc29_emp_worship_ulric_1	derpy_gg_built_overseers_emp	building_to_building_own	1.0000	1.0000	0.0000	
wh3_dlc29_emp_worship_ulric_2	derpy_gg_built_overseers_emp	building_to_building_own	1.0000	1.0000	0.0000	
wh3_dlc29_emp_worship_ulric_3	derpy_gg_built_overseers_emp	building_to_building_own	1.0000	1.0000	0.0000	
wh3_dlc29_special_middenheim_eckzahnehaus	derpy_gg_built_overseers_emp	building_to_building_own	1.0000	1.0000	0.0000	
wh3_dlc29_special_salzenmund_chapter_house_white_wolf	derpy_gg_built_overseers_emp	building_to_building_own	1.0000	1.0000	0.0000	
wh3_dlc29_special_settlement_middenheim_1_emp	derpy_gg_built_overseers_emp	building_to_building_own	1.0000	1.0000	0.0000	
wh3_dlc29_special_settlement_middenheim_2_emp	derpy_gg_built_overseers_emp	building_to_building_own	1.0000	1.0000	0.0000	
wh3_dlc29_special_settlement_middenheim_3_emp	derpy_gg_built_overseers_emp	building_to_building_own	1.0000	1.0000	0.0000	
wh3_dlc29_special_settlement_middenheim_4_emp	derpy_gg_built_overseers_emp	building_to_building_own	1.0000	1.0000	0.0000	
wh3_dlc29_special_settlement_middenheim_5_emp	derpy_gg_built_overseers_emp	building_to_building_own	1.0000	1.0000	0.0000	
wh3_main_DWARFS_underdeep_1	derpy_gg_built_overseers_dwf	building_to_building_own	1.0000	1.0000	0.0000	
wh3_main_DWARFS_underdeep_2	derpy_gg_built_overseers_dwf	building_to_building_own	1.0000	1.0000	0.0000	
wh3_main_brt_allied_outpost_1	derpy_gg_built_overseers_brt	building_to_building_own	1.0000	1.0000	0.0000	
wh3_main_brt_allied_outpost_2	derpy_gg_built_overseers_brt	building_to_building_own	1.0000	1.0000	0.0000	
wh3_main_brt_allied_outpost_3	derpy_gg_built_overseers_brt	building_to_building_own	1.0000	1.0000	0.0000	
wh3_main_brt_resource_ivory_1	derpy_gg_built_brass_brt	building_to_building_own	1.0000	1.0000	0.0000	
wh3_main_brt_resource_ivory_2	derpy_gg_built_brass_brt	building_to_building_own	1.0000	1.0000	0.0000	
wh3_main_brt_resource_ivory_3	derpy_gg_built_brass_brt	building_to_building_own	1.0000	1.0000	0.0000	
wh3_main_cth_allied_outpost_1	derpy_gg_built_overseers_cth	building_to_building_own	1.0000	1.0000	0.0000	
wh3_main_cth_allied_outpost_2	derpy_gg_built_overseers_cth	building_to_building_own	1.0000	1.0000	0.0000	
wh3_main_cth_allied_outpost_3	derpy_gg_built_overseers_cth	building_to_building_own	1.0000	1.0000	0.0000	
wh3_main_cth_artillery_1	derpy_gg_built_immortals_cth	building_to_building_own	1.0000	1.0000	0.0000	
wh3_main_cth_artillery_3	derpy_gg_built_immortals_cth	building_to_building_own	1.0000	1.0000	0.0000	
wh3_main_cth_bastion_1_1	derpy_gg_built_overseers_cth	building_to_building_own	1.0000	1.0000	0.0000	
wh3_main_cth_bastion_1_2	derpy_gg_built_overseers_cth	building_to_building_own	1.0000	1.0000	0.0000	
wh3_main_cth_bastion_1_3	derpy_gg_built_overseers_cth	building_to_building_own	1.0000	1.0000	0.0000	
wh3_main_cth_bastion_1_4	derpy_gg_built_overseers_cth	building_to_building_own	1.0000	1.0000	0.0000	
wh3_main_cth_bastion_1_5	derpy_gg_built_overseers_cth	building_to_building_own	1.0000	1.0000	0.0000	
wh3_main_cth_bastion_2_1	derpy_gg_built_overseers_cth	building_to_building_own	1.0000	1.0000	0.0000	
wh3_main_cth_bastion_2_2	derpy_gg_built_overseers_cth	building_to_building_own	1.0000	1.0000	0.0000	
wh3_main_cth_bastion_2_3	derpy_gg_built_overseers_cth	building_to_building_own	1.0000	1.0000	0.0000	
wh3_main_cth_bastion_2_4	derpy_gg_built_overseers_cth	building_to_building_own	1.0000	1.0000	0.0000	
wh3_main_cth_bastion_2_5	derpy_gg_built_overseers_cth	building_to_building_own	1.0000	1.0000	0.0000	
wh3_main_cth_bastion_3_1	derpy_gg_built_overseers_cth	building_to_building_own	1.0000	1.0000	0.0000	
wh3_main_cth_bastion_3_2	derpy_gg_built_overseers_cth	building_to_building_own	1.0000	1.0000	0.0000	
wh3_main_cth_bastion_3_3	derpy_gg_built_overseers_cth	building_to_building_own	1.0000	1.0000	0.0000	
wh3_main_cth_bastion_3_4	derpy_gg_built_overseers_cth	building_to_building_own	1.0000	1.0000	0.0000	
wh3_main_cth_bastion_3_5	derpy_gg_built_overseers_cth	building_to_building_own	1.0000	1.0000	0.0000	
wh3_main_cth_bastion_4_1	derpy_gg_built_overseers_cth	building_to_building_own	1.0000	1.0000	0.0000	
wh3_main_cth_bastion_4_2	derpy_gg_built_overseers_cth	building_to_building_own	1.0000	1.0000	0.0000	
wh3_main_cth_bastion_4_3	derpy_gg_built_overseers_cth	building_to_building_own	1.0000	1.0000	0.0000	
wh3_main_cth_bastion_4_4	derpy_gg_built_overseers_cth	building_to_building_own	1.0000	1.0000	0.0000	
wh3_main_cth_bastion_4_5	derpy_gg_built_overseers_cth	building_to_building_own	1.0000	1.0000	0.0000	
wh3_main_cth_bastion_primary_1	derpy_gg_built_overseers_cth	building_to_building_own	1.0000	1.0000	0.0000	
wh3_main_cth_bastion_primary_2	derpy_gg_built_overseers_cth	building_to_building_own	1.0000	1.0000	0.0000	
wh3_main_cth_bastion_primary_3	derpy_gg_built_overseers_cth	building_to_building_own	1.0000	1.0000	0.0000	
wh3_main_cth_bastion_primary_4	derpy_gg_built_overseers_cth	building_to_building_own	1.0000	1.0000	0.0000	
wh3_main_cth_bastion_primary_5	derpy_gg_built_overseers_cth	building_to_building_own	1.0000	1.0000	0.0000	
wh3_main_cth_cavalry_1	derpy_gg_built_immortals_cth	building_to_building_own	1.0000	1.0000	0.0000	
wh3_main_cth_cavalry_2	derpy_gg_built_immortals_cth	building_to_building_own	1.0000	1.0000	0.0000	
wh3_main_cth_cavalry_3	derpy_gg_built_immortals_cth	building_to_building_own	1.0000	1.0000	0.0000	
wh3_main_cth_celestial_1	derpy_gg_built_overseers_cth	building_to_building_own	1.0000	1.0000	0.0000	
wh3_main_cth_celestial_2	derpy_gg_built_overseers_cth	building_to_building_own	1.0000	1.0000	0.0000	
wh3_main_cth_defence_yang_1	derpy_gg_built_immortals_cth	building_to_building_own	1.0000	1.0000	0.0000	
wh3_main_cth_defence_yang_2	derpy_gg_built_immortals_cth	building_to_building_own	1.0000	1.0000	0.0000	
wh3_main_cth_defence_yang_3	derpy_gg_built_immortals_cth	building_to_building_own	1.0000	1.0000	0.0000	
wh3_main_cth_defence_yin_1	derpy_gg_built_immortals_cth	building_to_building_own	1.0000	1.0000	0.0000	
wh3_main_cth_defence_yin_2	derpy_gg_built_immortals_cth	building_to_building_own	1.0000	1.0000	0.0000	
wh3_main_cth_defence_yin_3	derpy_gg_built_immortals_cth	building_to_building_own	1.0000	1.0000	0.0000	
wh3_main_cth_growth_yang_1	derpy_gg_built_overseers_cth	building_to_building_own	1.0000	1.0000	0.0000	
wh3_main_cth_growth_yang_2	derpy_gg_built_overseers_cth	building_to_building_own	1.0000	1.0000	0.0000	
wh3_main_cth_growth_yang_3	derpy_gg_built_overseers_cth	building_to_building_own	1.0000	1.0000	0.0000	
wh3_main_cth_growth_yin_1	derpy_gg_built_overseers_cth	building_to_building_own	1.0000	1.0000	0.0000	
wh3_main_cth_growth_yin_2	derpy_gg_built_overseers_cth	building_to_building_own	1.0000	1.0000	0.0000	
wh3_main_cth_growth_yin_3	derpy_gg_built_overseers_cth	building_to_building_own	1.0000	1.0000	0.0000	
wh3_main_cth_gunners_1	derpy_gg_built_overseers_cth	building_to_building_own	1.0000	1.0000	0.0000	
wh3_main_cth_gunners_2	derpy_gg_built_overseers_cth	building_to_building_own	1.0000	1.0000	0.0000	
wh3_main_cth_gunners_3	derpy_gg_built_overseers_cth	building_to_building_own	1.0000	1.0000	0.0000	
wh3_main_cth_income_yang_1	derpy_gg_built_overseers_cth	building_to_building_own	1.0000	1.0000	0.0000	
wh3_main_cth_income_yang_2	derpy_gg_built_overseers_cth	building_to_building_own	1.0000	1.0000	0.0000	
wh3_main_cth_income_yang_3	derpy_gg_built_overseers_cth	building_to_building_own	1.0000	1.0000	0.0000	
wh3_main_cth_income_yin_1	derpy_gg_built_overseers_cth	building_to_building_own	1.0000	1.0000	0.0000	
wh3_main_cth_income_yin_2	derpy_gg_built_overseers_cth	building_to_building_own	1.0000	1.0000	0.0000	
wh3_main_cth_income_yin_3	derpy_gg_built_overseers_cth	building_to_building_own	1.0000	1.0000	0.0000	
wh3_main_cth_jade_barracks_1	derpy_gg_built_immortals_cth	building_to_building_own	1.0000	1.0000	0.0000	
wh3_main_cth_jade_barracks_2	derpy_gg_built_immortals_cth	building_to_building_own	1.0000	1.0000	0.0000	
wh3_main_cth_jade_barracks_3	derpy_gg_built_immortals_cth	building_to_building_own	1.0000	1.0000	0.0000	
wh3_main_cth_magic_tower_1	derpy_gg_built_daemonsmiths_cth	building_to_building_own	1.0000	1.0000	0.0000	
wh3_main_cth_magic_tower_2	derpy_gg_built_daemonsmiths_cth	building_to_building_own	1.0000	1.0000	0.0000	
wh3_main_cth_magic_tower_3	derpy_gg_built_daemonsmiths_cth	building_to_building_own	1.0000	1.0000	0.0000	
wh3_main_cth_order_yang_1	derpy_gg_built_overseers_cth	building_to_building_own	1.0000	1.0000	0.0000	
wh3_main_cth_order_yang_2	derpy_gg_built_overseers_cth	building_to_building_own	1.0000	1.0000	0.0000	
wh3_main_cth_order_yang_3	derpy_gg_built_overseers_cth	building_to_building_own	1.0000	1.0000	0.0000	
wh3_main_cth_order_yin_1	derpy_gg_built_overseers_cth	building_to_building_own	1.0000	1.0000	0.0000	
wh3_main_cth_order_yin_2	derpy_gg_built_overseers_cth	building_to_building_own	1.0000	1.0000	0.0000	
wh3_main_cth_order_yin_3	derpy_gg_built_overseers_cth	building_to_building_own	1.0000	1.0000	0.0000	
wh3_main_cth_port_1	derpy_gg_built_brass_cth	building_to_building_own	1.0000	1.0000	0.0000	
wh3_main_cth_port_2	derpy_gg_built_brass_cth	building_to_building_own	1.0000	1.0000	0.0000	
wh3_main_cth_port_3	derpy_gg_built_brass_cth	building_to_building_own	1.0000	1.0000	0.0000	
wh3_main_cth_resource_animals_1	derpy_gg_built_brass_cth	building_to_building_own	1.0000	1.0000	0.0000	
wh3_main_cth_resource_animals_2	derpy_gg_built_brass_cth	building_to_building_own	1.0000	1.0000	0.0000	
wh3_main_cth_resource_animals_3	derpy_gg_built_brass_cth	building_to_building_own	1.0000	1.0000	0.0000	
wh3_main_cth_resource_dyes_1	derpy_gg_built_brass_cth	building_to_building_own	1.0000	1.0000	0.0000	
wh3_main_cth_resource_dyes_2	derpy_gg_built_brass_cth	building_to_building_own	1.0000	1.0000	0.0000	
wh3_main_cth_resource_dyes_3	derpy_gg_built_brass_cth	building_to_building_own	1.0000	1.0000	0.0000	
wh3_main_cth_resource_furs_1	derpy_gg_built_brass_cth	building_to_building_own	1.0000	1.0000	0.0000	
wh3_main_cth_resource_furs_2	derpy_gg_built_brass_cth	building_to_building_own	1.0000	1.0000	0.0000	
wh3_main_cth_resource_furs_3	derpy_gg_built_brass_cth	building_to_building_own	1.0000	1.0000	0.0000	
wh3_main_cth_resource_gems_1	derpy_gg_built_brass_cth	building_to_building_own	1.0000	1.0000	0.0000	
wh3_main_cth_resource_gems_2	derpy_gg_built_brass_cth	building_to_building_own	1.0000	1.0000	0.0000	
wh3_main_cth_resource_gems_3	derpy_gg_built_brass_cth	building_to_building_own	1.0000	1.0000	0.0000	
wh3_main_cth_resource_gold_1	derpy_gg_built_brass_cth	building_to_building_own	1.0000	1.0000	0.0000	
wh3_main_cth_resource_gold_2	derpy_gg_built_brass_cth	building_to_building_own	1.0000	1.0000	0.0000	
wh3_main_cth_resource_gold_3	derpy_gg_built_brass_cth	building_to_building_own	1.0000	1.0000	0.0000	
wh3_main_cth_resource_iron_1	derpy_gg_built_brass_cth	building_to_building_own	1.0000	1.0000	0.0000	
wh3_main_cth_resource_iron_2	derpy_gg_built_brass_cth	building_to_building_own	1.0000	1.0000	0.0000	
wh3_main_cth_resource_iron_3	derpy_gg_built_brass_cth	building_to_building_own	1.0000	1.0000	0.0000	
wh3_main_cth_resource_ivory_1	derpy_gg_built_brass_cth	building_to_building_own	1.0000	1.0000	0.0000	
wh3_main_cth_resource_ivory_2	derpy_gg_built_brass_cth	building_to_building_own	1.0000	1.0000	0.0000	
wh3_main_cth_resource_ivory_3	derpy_gg_built_brass_cth	building_to_building_own	1.0000	1.0000	0.0000	
wh3_main_cth_resource_marble_1	derpy_gg_built_brass_cth	building_to_building_own	1.0000	1.0000	0.0000	
wh3_main_cth_resource_marble_2	derpy_gg_built_brass_cth	building_to_building_own	1.0000	1.0000	0.0000	
wh3_main_cth_resource_marble_3	derpy_gg_built_brass_cth	building_to_building_own	1.0000	1.0000	0.0000	
wh3_main_cth_resource_medicine_1	derpy_gg_built_brass_cth	building_to_building_own	1.0000	1.0000	0.0000	
wh3_main_cth_resource_medicine_2	derpy_gg_built_brass_cth	building_to_building_own	1.0000	1.0000	0.0000	
wh3_main_cth_resource_medicine_3	derpy_gg_built_brass_cth	building_to_building_own	1.0000	1.0000	0.0000	
wh3_main_cth_resource_obsidian_1	derpy_gg_built_brass_cth	building_to_building_own	1.0000	1.0000	0.0000	
wh3_main_cth_resource_obsidian_2	derpy_gg_built_brass_cth	building_to_building_own	1.0000	1.0000	0.0000	
wh3_main_cth_resource_obsidian_3	derpy_gg_built_brass_cth	building_to_building_own	1.0000	1.0000	0.0000	
wh3_main_cth_resource_pasture_1	derpy_gg_built_brass_cth	building_to_building_own	1.0000	1.0000	0.0000	
wh3_main_cth_resource_pasture_2	derpy_gg_built_brass_cth	building_to_building_own	1.0000	1.0000	0.0000	
wh3_main_cth_resource_pasture_3	derpy_gg_built_brass_cth	building_to_building_own	1.0000	1.0000	0.0000	
wh3_main_cth_resource_pottery_1	derpy_gg_built_brass_cth	building_to_building_own	1.0000	1.0000	0.0000	
wh3_main_cth_resource_pottery_2	derpy_gg_built_brass_cth	building_to_building_own	1.0000	1.0000	0.0000	
wh3_main_cth_resource_pottery_3	derpy_gg_built_brass_cth	building_to_building_own	1.0000	1.0000	0.0000	
wh3_main_cth_resource_salt_1	derpy_gg_built_brass_cth	building_to_building_own	1.0000	1.0000	0.0000	
wh3_main_cth_resource_salt_2	derpy_gg_built_brass_cth	building_to_building_own	1.0000	1.0000	0.0000	
wh3_main_cth_resource_salt_3	derpy_gg_built_brass_cth	building_to_building_own	1.0000	1.0000	0.0000	
wh3_main_cth_resource_spices_1	derpy_gg_built_brass_cth	building_to_building_own	1.0000	1.0000	0.0000	
wh3_main_cth_resource_spices_2	derpy_gg_built_brass_cth	building_to_building_own	1.0000	1.0000	0.0000	
wh3_main_cth_resource_spices_3	derpy_gg_built_brass_cth	building_to_building_own	1.0000	1.0000	0.0000	
wh3_main_cth_resource_wine_1	derpy_gg_built_brass_cth	building_to_building_own	1.0000	1.0000	0.0000	
wh3_main_cth_resource_wine_2	derpy_gg_built_brass_cth	building_to_building_own	1.0000	1.0000	0.0000	
wh3_main_cth_resource_wine_3	derpy_gg_built_brass_cth	building_to_building_own	1.0000	1.0000	0.0000	
wh3_main_cth_resource_wood_1	derpy_gg_built_brass_cth	building_to_building_own	1.0000	1.0000	0.0000	
wh3_main_cth_resource_wood_2	derpy_gg_built_brass_cth	building_to_building_own	1.0000	1.0000	0.0000	
wh3_main_cth_resource_wood_3	derpy_gg_built_brass_cth	building_to_building_own	1.0000	1.0000	0.0000	
wh3_main_cth_settlement_major_1	derpy_gg_built_overseers_cth	building_to_building_own	1.0000	1.0000	0.0000	
wh3_main_cth_settlement_major_2	derpy_gg_built_overseers_cth	building_to_building_own	1.0000	1.0000	0.0000	
wh3_main_cth_settlement_major_3	derpy_gg_built_overseers_cth	building_to_building_own	1.0000	1.0000	0.0000	
wh3_main_cth_settlement_major_4	derpy_gg_built_overseers_cth	building_to_building_own	1.0000	1.0000	0.0000	
wh3_main_cth_settlement_major_5	derpy_gg_built_overseers_cth	building_to_building_own	1.0000	1.0000	0.0000	
wh3_main_cth_settlement_minor_1	derpy_gg_built_overseers_cth	building_to_building_own	1.0000	1.0000	0.0000	
wh3_main_cth_settlement_minor_2	derpy_gg_built_overseers_cth	building_to_building_own	1.0000	1.0000	0.0000	
wh3_main_cth_settlement_minor_3	derpy_gg_built_overseers_cth	building_to_building_own	1.0000	1.0000	0.0000	
wh3_main_cth_walls_minor_1	derpy_gg_built_immortals_cth	building_to_building_own	1.0000	1.0000	0.0000	
wh3_main_cth_walls_minor_2	derpy_gg_built_immortals_cth	building_to_building_own	1.0000	1.0000	0.0000	
wh3_main_def_allied_outpost_1	derpy_gg_built_overseers_def	building_to_building_own	1.0000	1.0000	0.0000	
wh3_main_def_allied_outpost_2	derpy_gg_built_overseers_def	building_to_building_own	1.0000	1.0000	0.0000	
wh3_main_def_allied_outpost_3	derpy_gg_built_overseers_def	building_to_building_own	1.0000	1.0000	0.0000	
wh3_main_def_resource_ivory_1	derpy_gg_built_brass_def	building_to_building_own	1.0000	1.0000	0.0000	
wh3_main_def_resource_ivory_2	derpy_gg_built_brass_def	building_to_building_own	1.0000	1.0000	0.0000	
wh3_main_def_resource_ivory_3	derpy_gg_built_brass_def	building_to_building_own	1.0000	1.0000	0.0000	
wh3_main_dwf_allied_outpost_1	derpy_gg_built_overseers_dwf	building_to_building_own	1.0000	1.0000	0.0000	
wh3_main_dwf_allied_outpost_2	derpy_gg_built_overseers_dwf	building_to_building_own	1.0000	1.0000	0.0000	
wh3_main_dwf_allied_outpost_3	derpy_gg_built_overseers_dwf	building_to_building_own	1.0000	1.0000	0.0000	
wh3_main_dwf_resource_ivory_1	derpy_gg_built_brass_dwf	building_to_building_own	1.0000	1.0000	0.0000	
wh3_main_dwf_resource_ivory_2	derpy_gg_built_brass_dwf	building_to_building_own	1.0000	1.0000	0.0000	
wh3_main_dwf_resource_ivory_3	derpy_gg_built_brass_dwf	building_to_building_own	1.0000	1.0000	0.0000	
wh3_main_dwf_resource_ivory_4	derpy_gg_built_brass_dwf	building_to_building_own	1.0000	1.0000	0.0000	
wh3_main_emp_allied_outpost_1	derpy_gg_built_overseers_emp	building_to_building_own	1.0000	1.0000	0.0000	
wh3_main_emp_allied_outpost_2	derpy_gg_built_overseers_emp	building_to_building_own	1.0000	1.0000	0.0000	
wh3_main_emp_allied_outpost_3	derpy_gg_built_overseers_emp	building_to_building_own	1.0000	1.0000	0.0000	
wh3_main_emp_resource_ivory_1	derpy_gg_built_brass_emp	building_to_building_own	1.0000	1.0000	0.0000	
wh3_main_emp_resource_ivory_2	derpy_gg_built_brass_emp	building_to_building_own	1.0000	1.0000	0.0000	
wh3_main_emp_resource_ivory_3	derpy_gg_built_brass_emp	building_to_building_own	1.0000	1.0000	0.0000	
wh3_main_foreign_slot_discovery_cth_1	derpy_gg_built_overseers_cth	building_to_building_own	1.0000	1.0000	0.0000	
wh3_main_foreign_slot_discovery_cth_2	derpy_gg_built_overseers_cth	building_to_building_own	1.0000	1.0000	0.0000	
wh3_main_foreign_slot_discovery_cth_3	derpy_gg_built_overseers_cth	building_to_building_own	1.0000	1.0000	0.0000	
wh3_main_foreign_slot_discovery_ksl_1	derpy_gg_built_overseers_ksl	building_to_building_own	1.0000	1.0000	0.0000	
wh3_main_foreign_slot_discovery_ksl_2	derpy_gg_built_overseers_ksl	building_to_building_own	1.0000	1.0000	0.0000	
wh3_main_foreign_slot_discovery_ksl_3	derpy_gg_built_overseers_ksl	building_to_building_own	1.0000	1.0000	0.0000	
wh3_main_hef_allied_outpost_1	derpy_gg_built_overseers_hef	building_to_building_own	1.0000	1.0000	0.0000	
wh3_main_hef_allied_outpost_2	derpy_gg_built_overseers_hef	building_to_building_own	1.0000	1.0000	0.0000	
wh3_main_hef_allied_outpost_3	derpy_gg_built_overseers_hef	building_to_building_own	1.0000	1.0000	0.0000	
wh3_main_hef_resource_ivory_1	derpy_gg_built_brass_hef	building_to_building_own	1.0000	1.0000	0.0000	
wh3_main_hef_resource_ivory_2	derpy_gg_built_brass_hef	building_to_building_own	1.0000	1.0000	0.0000	
wh3_main_hef_resource_ivory_3	derpy_gg_built_brass_hef	building_to_building_own	1.0000	1.0000	0.0000	
wh3_main_horde_def_lokhir_aristocracy_1	derpy_gg_built_overseers_def	building_to_building_own	1.0000	1.0000	0.0000	
wh3_main_horde_def_lokhir_aristocracy_2	derpy_gg_built_overseers_def	building_to_building_own	1.0000	1.0000	0.0000	
wh3_main_horde_def_lokhir_beasts_1	derpy_gg_built_immortals_def	building_to_building_own	1.0000	1.0000	0.0000	
wh3_main_horde_def_lokhir_beasts_2	derpy_gg_built_immortals_def	building_to_building_own	1.0000	1.0000	0.0000	
wh3_main_horde_def_lokhir_beasts_3	derpy_gg_built_immortals_def	building_to_building_own	1.0000	1.0000	0.0000	
wh3_main_horde_def_lokhir_entertainment_1	derpy_gg_built_overseers_def	building_to_building_own	1.0000	1.0000	0.0000	
wh3_main_horde_def_lokhir_entertainment_2	derpy_gg_built_overseers_def	building_to_building_own	1.0000	1.0000	0.0000	
wh3_main_horde_def_lokhir_entertainment_3	derpy_gg_built_overseers_def	building_to_building_own	1.0000	1.0000	0.0000	
wh3_main_horde_def_lokhir_exiles_1	derpy_gg_built_overseers_def	building_to_building_own	1.0000	1.0000	0.0000	
wh3_main_horde_def_lokhir_exiles_2	derpy_gg_built_overseers_def	building_to_building_own	1.0000	1.0000	0.0000	
wh3_main_horde_def_lokhir_military_1	derpy_gg_built_immortals_def	building_to_building_own	1.0000	1.0000	0.0000	
wh3_main_horde_def_lokhir_military_2	derpy_gg_built_immortals_def	building_to_building_own	1.0000	1.0000	0.0000	
wh3_main_horde_def_lokhir_military_3	derpy_gg_built_immortals_def	building_to_building_own	1.0000	1.0000	0.0000	
wh3_main_horde_def_lokhir_residence_1	derpy_gg_built_overseers_def	building_to_building_own	1.0000	1.0000	0.0000	
wh3_main_horde_def_lokhir_residence_2	derpy_gg_built_overseers_def	building_to_building_own	1.0000	1.0000	0.0000	
wh3_main_horde_def_lokhir_residence_3	derpy_gg_built_overseers_def	building_to_building_own	1.0000	1.0000	0.0000	
wh3_main_horde_def_lokhir_riders_1	derpy_gg_built_overseers_def	building_to_building_own	1.0000	1.0000	0.0000	
wh3_main_horde_def_lokhir_riders_2	derpy_gg_built_overseers_def	building_to_building_own	1.0000	1.0000	0.0000	
wh3_main_horde_def_lokhir_slavery_1	derpy_gg_built_slavers_def	building_to_building_own	1.0000	1.0000	0.0000	
wh3_main_horde_def_lokhir_slavery_2	derpy_gg_built_slavers_def	building_to_building_own	1.0000	1.0000	0.0000	
wh3_main_horde_def_lokhir_slavery_3	derpy_gg_built_slavers_def	building_to_building_own	1.0000	1.0000	0.0000	
wh3_main_horde_def_lokhir_sorcery_1	derpy_gg_built_overseers_def	building_to_building_own	1.0000	1.0000	0.0000	
wh3_main_horde_def_lokhir_sorcery_2	derpy_gg_built_overseers_def	building_to_building_own	1.0000	1.0000	0.0000	
wh3_main_horde_def_lokhir_worship_1	derpy_gg_built_overseers_def	building_to_building_own	1.0000	1.0000	0.0000	
wh3_main_horde_def_lokhir_worship_2	derpy_gg_built_overseers_def	building_to_building_own	1.0000	1.0000	0.0000	
wh3_main_ksl_allied_outpost_1	derpy_gg_built_overseers_ksl	building_to_building_own	1.0000	1.0000	0.0000	
wh3_main_ksl_allied_outpost_2	derpy_gg_built_overseers_ksl	building_to_building_own	1.0000	1.0000	0.0000	
wh3_main_ksl_allied_outpost_3	derpy_gg_built_overseers_ksl	building_to_building_own	1.0000	1.0000	0.0000	
wh3_main_ksl_artillery_1	derpy_gg_built_immortals_ksl	building_to_building_own	1.0000	1.0000	0.0000	
wh3_main_ksl_artillery_2	derpy_gg_built_immortals_ksl	building_to_building_own	1.0000	1.0000	0.0000	
wh3_main_ksl_atamans_1	derpy_gg_built_overseers_ksl	building_to_building_own	1.0000	1.0000	0.0000	
wh3_main_ksl_barracks_1	derpy_gg_built_immortals_ksl	building_to_building_own	1.0000	1.0000	0.0000	
wh3_main_ksl_barracks_2	derpy_gg_built_immortals_ksl	building_to_building_own	1.0000	1.0000	0.0000	
wh3_main_ksl_barracks_3	derpy_gg_built_immortals_ksl	building_to_building_own	1.0000	1.0000	0.0000	
wh3_main_ksl_bears_1	derpy_gg_built_overseers_ksl	building_to_building_own	1.0000	1.0000	0.0000	
wh3_main_ksl_bears_2	derpy_gg_built_overseers_ksl	building_to_building_own	1.0000	1.0000	0.0000	
wh3_main_ksl_bears_3	derpy_gg_built_overseers_ksl	building_to_building_own	1.0000	1.0000	0.0000	
wh3_main_ksl_cavalry_1	derpy_gg_built_immortals_ksl	building_to_building_own	1.0000	1.0000	0.0000	
wh3_main_ksl_cavalry_2	derpy_gg_built_immortals_ksl	building_to_building_own	1.0000	1.0000	0.0000	
wh3_main_ksl_cavalry_3	derpy_gg_built_immortals_ksl	building_to_building_own	1.0000	1.0000	0.0000	
wh3_main_ksl_city_build_growth_1	derpy_gg_built_overseers_ksl	building_to_building_own	1.0000	1.0000	0.0000	
wh3_main_ksl_city_build_growth_2	derpy_gg_built_overseers_ksl	building_to_building_own	1.0000	1.0000	0.0000	
wh3_main_ksl_city_build_growth_3	derpy_gg_built_overseers_ksl	building_to_building_own	1.0000	1.0000	0.0000	
wh3_main_ksl_city_build_growth_4	derpy_gg_built_overseers_ksl	building_to_building_own	1.0000	1.0000	0.0000	
wh3_main_ksl_city_build_growth_5	derpy_gg_built_overseers_ksl	building_to_building_own	1.0000	1.0000	0.0000	
wh3_main_ksl_city_court_1	derpy_gg_built_overseers_ksl	building_to_building_own	1.0000	1.0000	0.0000	
wh3_main_ksl_city_court_2	derpy_gg_built_overseers_ksl	building_to_building_own	1.0000	1.0000	0.0000	
wh3_main_ksl_city_court_3_1	derpy_gg_built_overseers_ksl	building_to_building_own	1.0000	1.0000	0.0000	
wh3_main_ksl_city_court_3_2	derpy_gg_built_overseers_ksl	building_to_building_own	1.0000	1.0000	0.0000	
wh3_main_ksl_city_court_3_3	derpy_gg_built_overseers_ksl	building_to_building_own	1.0000	1.0000	0.0000	
wh3_main_ksl_city_court_4	derpy_gg_built_overseers_ksl	building_to_building_own	1.0000	1.0000	0.0000	
wh3_main_ksl_city_gold_1	derpy_gg_built_brass_ksl	building_to_building_own	1.0000	1.0000	0.0000	
wh3_main_ksl_city_gold_2	derpy_gg_built_brass_ksl	building_to_building_own	1.0000	1.0000	0.0000	
wh3_main_ksl_city_gold_3	derpy_gg_built_brass_ksl	building_to_building_own	1.0000	1.0000	0.0000	
wh3_main_ksl_city_gold_4	derpy_gg_built_brass_ksl	building_to_building_own	1.0000	1.0000	0.0000	
wh3_main_ksl_city_gold_5	derpy_gg_built_brass_ksl	building_to_building_own	1.0000	1.0000	0.0000	
wh3_main_ksl_city_recruit_growth_xp_1	derpy_gg_built_overseers_ksl	building_to_building_own	1.0000	1.0000	0.0000	
wh3_main_ksl_city_recruit_growth_xp_2	derpy_gg_built_overseers_ksl	building_to_building_own	1.0000	1.0000	0.0000	
wh3_main_ksl_city_recruit_growth_xp_3	derpy_gg_built_overseers_ksl	building_to_building_own	1.0000	1.0000	0.0000	
wh3_main_ksl_city_recruit_growth_xp_4	derpy_gg_built_overseers_ksl	building_to_building_own	1.0000	1.0000	0.0000	
wh3_main_ksl_city_recruit_growth_xp_5	derpy_gg_built_overseers_ksl	building_to_building_own	1.0000	1.0000	0.0000	
wh3_main_ksl_city_temple_1	derpy_gg_built_overseers_ksl	building_to_building_own	1.0000	1.0000	0.0000	
wh3_main_ksl_city_temple_2	derpy_gg_built_overseers_ksl	building_to_building_own	1.0000	1.0000	0.0000	
wh3_main_ksl_city_temple_3_1	derpy_gg_built_overseers_ksl	building_to_building_own	1.0000	1.0000	0.0000	
wh3_main_ksl_city_temple_3_2	derpy_gg_built_overseers_ksl	building_to_building_own	1.0000	1.0000	0.0000	
wh3_main_ksl_city_temple_3_3	derpy_gg_built_overseers_ksl	building_to_building_own	1.0000	1.0000	0.0000	
wh3_main_ksl_city_temple_4	derpy_gg_built_overseers_ksl	building_to_building_own	1.0000	1.0000	0.0000	
wh3_main_ksl_city_town_watch_1	derpy_gg_built_khanate_ksl	building_to_building_own	1.0000	1.0000	0.0000	
wh3_main_ksl_city_town_watch_2	derpy_gg_built_khanate_ksl	building_to_building_own	1.0000	1.0000	0.0000	
wh3_main_ksl_city_town_watch_3	derpy_gg_built_khanate_ksl	building_to_building_own	1.0000	1.0000	0.0000	
wh3_main_ksl_city_town_watch_4	derpy_gg_built_khanate_ksl	building_to_building_own	1.0000	1.0000	0.0000	
wh3_main_ksl_city_town_watch_5	derpy_gg_built_khanate_ksl	building_to_building_own	1.0000	1.0000	0.0000	
wh3_main_ksl_city_walls_1	derpy_gg_built_immortals_ksl	building_to_building_own	1.0000	1.0000	0.0000	
wh3_main_ksl_city_walls_2	derpy_gg_built_immortals_ksl	building_to_building_own	1.0000	1.0000	0.0000	
wh3_main_ksl_city_walls_3	derpy_gg_built_immortals_ksl	building_to_building_own	1.0000	1.0000	0.0000	
wh3_main_ksl_city_walls_4	derpy_gg_built_immortals_ksl	building_to_building_own	1.0000	1.0000	0.0000	
wh3_main_ksl_city_walls_5	derpy_gg_built_immortals_ksl	building_to_building_own	1.0000	1.0000	0.0000	
wh3_main_ksl_corruption_land_1	derpy_gg_built_overseers_ksl	building_to_building_own	1.0000	1.0000	0.0000	
wh3_main_ksl_corruption_land_2	derpy_gg_built_overseers_ksl	building_to_building_own	1.0000	1.0000	0.0000	
wh3_main_ksl_corruption_land_3	derpy_gg_built_overseers_ksl	building_to_building_own	1.0000	1.0000	0.0000	
wh3_main_ksl_court_1	derpy_gg_built_overseers_ksl	building_to_building_own	1.0000	1.0000	0.0000	
wh3_main_ksl_court_2	derpy_gg_built_overseers_ksl	building_to_building_own	1.0000	1.0000	0.0000	
wh3_main_ksl_court_3	derpy_gg_built_overseers_ksl	building_to_building_own	1.0000	1.0000	0.0000	
wh3_main_ksl_court_3a	derpy_gg_built_overseers_ksl	building_to_building_own	1.0000	1.0000	0.0000	
wh3_main_ksl_erengrad_city_1	derpy_gg_built_overseers_ksl	building_to_building_own	1.0000	1.0000	0.0000	
wh3_main_ksl_erengrad_city_2	derpy_gg_built_overseers_ksl	building_to_building_own	1.0000	1.0000	0.0000	
wh3_main_ksl_erengrad_city_3	derpy_gg_built_overseers_ksl	building_to_building_own	1.0000	1.0000	0.0000	
wh3_main_ksl_erengrad_city_4	derpy_gg_built_overseers_ksl	building_to_building_own	1.0000	1.0000	0.0000	
wh3_main_ksl_erengrad_city_5	derpy_gg_built_overseers_ksl	building_to_building_own	1.0000	1.0000	0.0000	
wh3_main_ksl_gold_1	derpy_gg_built_brass_ksl	building_to_building_own	1.0000	1.0000	0.0000	
wh3_main_ksl_gold_2	derpy_gg_built_brass_ksl	building_to_building_own	1.0000	1.0000	0.0000	
wh3_main_ksl_gold_3	derpy_gg_built_brass_ksl	building_to_building_own	1.0000	1.0000	0.0000	
wh3_main_ksl_gold_3a	derpy_gg_built_brass_ksl	building_to_building_own	1.0000	1.0000	0.0000	
wh3_main_ksl_growth_recruit_cost_1	derpy_gg_built_overseers_ksl	building_to_building_own	1.0000	1.0000	0.0000	
wh3_main_ksl_growth_recruit_cost_2	derpy_gg_built_overseers_ksl	building_to_building_own	1.0000	1.0000	0.0000	
wh3_main_ksl_growth_recruit_cost_3	derpy_gg_built_overseers_ksl	building_to_building_own	1.0000	1.0000	0.0000	
wh3_main_ksl_growth_xp_1	derpy_gg_built_overseers_ksl	building_to_building_own	1.0000	1.0000	0.0000	
wh3_main_ksl_growth_xp_2	derpy_gg_built_overseers_ksl	building_to_building_own	1.0000	1.0000	0.0000	
wh3_main_ksl_growth_xp_3	derpy_gg_built_overseers_ksl	building_to_building_own	1.0000	1.0000	0.0000	
wh3_main_ksl_ice_guard_2	derpy_gg_built_overseers_ksl	building_to_building_own	1.0000	1.0000	0.0000	
wh3_main_ksl_kislev_city_1	derpy_gg_built_overseers_ksl	building_to_building_own	1.0000	1.0000	0.0000	
wh3_main_ksl_kislev_city_2	derpy_gg_built_overseers_ksl	building_to_building_own	1.0000	1.0000	0.0000	
wh3_main_ksl_kislev_city_3	derpy_gg_built_overseers_ksl	building_to_building_own	1.0000	1.0000	0.0000	
wh3_main_ksl_kislev_city_4	derpy_gg_built_overseers_ksl	building_to_building_own	1.0000	1.0000	0.0000	
wh3_main_ksl_kislev_city_5	derpy_gg_built_overseers_ksl	building_to_building_own	1.0000	1.0000	0.0000	
wh3_main_ksl_port_1	derpy_gg_built_brass_ksl	building_to_building_own	1.0000	1.0000	0.0000	
wh3_main_ksl_port_2	derpy_gg_built_brass_ksl	building_to_building_own	1.0000	1.0000	0.0000	
wh3_main_ksl_port_3	derpy_gg_built_brass_ksl	building_to_building_own	1.0000	1.0000	0.0000	
wh3_main_ksl_praag_city_1	derpy_gg_built_overseers_ksl	building_to_building_own	1.0000	1.0000	0.0000	
wh3_main_ksl_praag_city_2	derpy_gg_built_overseers_ksl	building_to_building_own	1.0000	1.0000	0.0000	
wh3_main_ksl_praag_city_3	derpy_gg_built_overseers_ksl	building_to_building_own	1.0000	1.0000	0.0000	
wh3_main_ksl_praag_city_4	derpy_gg_built_overseers_ksl	building_to_building_own	1.0000	1.0000	0.0000	
wh3_main_ksl_praag_city_5	derpy_gg_built_overseers_ksl	building_to_building_own	1.0000	1.0000	0.0000	
wh3_main_ksl_resource_animals_1	derpy_gg_built_brass_ksl	building_to_building_own	1.0000	1.0000	0.0000	
wh3_main_ksl_resource_animals_2	derpy_gg_built_brass_ksl	building_to_building_own	1.0000	1.0000	0.0000	
wh3_main_ksl_resource_animals_3	derpy_gg_built_brass_ksl	building_to_building_own	1.0000	1.0000	0.0000	
wh3_main_ksl_resource_dyes_1	derpy_gg_built_brass_ksl	building_to_building_own	1.0000	1.0000	0.0000	
wh3_main_ksl_resource_dyes_2	derpy_gg_built_brass_ksl	building_to_building_own	1.0000	1.0000	0.0000	
wh3_main_ksl_resource_dyes_3	derpy_gg_built_brass_ksl	building_to_building_own	1.0000	1.0000	0.0000	
wh3_main_ksl_resource_furs_1	derpy_gg_built_brass_ksl	building_to_building_own	1.0000	1.0000	0.0000	
wh3_main_ksl_resource_furs_2	derpy_gg_built_brass_ksl	building_to_building_own	1.0000	1.0000	0.0000	
wh3_main_ksl_resource_furs_3	derpy_gg_built_brass_ksl	building_to_building_own	1.0000	1.0000	0.0000	
wh3_main_ksl_resource_gems_1	derpy_gg_built_brass_ksl	building_to_building_own	1.0000	1.0000	0.0000	
wh3_main_ksl_resource_gems_2	derpy_gg_built_brass_ksl	building_to_building_own	1.0000	1.0000	0.0000	
wh3_main_ksl_resource_gems_3	derpy_gg_built_brass_ksl	building_to_building_own	1.0000	1.0000	0.0000	
wh3_main_ksl_resource_gold_1	derpy_gg_built_brass_ksl	building_to_building_own	1.0000	1.0000	0.0000	
wh3_main_ksl_resource_gold_2	derpy_gg_built_brass_ksl	building_to_building_own	1.0000	1.0000	0.0000	
wh3_main_ksl_resource_gold_3	derpy_gg_built_brass_ksl	building_to_building_own	1.0000	1.0000	0.0000	
wh3_main_ksl_resource_iron_1	derpy_gg_built_brass_ksl	building_to_building_own	1.0000	1.0000	0.0000	
wh3_main_ksl_resource_iron_2	derpy_gg_built_brass_ksl	building_to_building_own	1.0000	1.0000	0.0000	
wh3_main_ksl_resource_iron_3	derpy_gg_built_brass_ksl	building_to_building_own	1.0000	1.0000	0.0000	
wh3_main_ksl_resource_ivory_1	derpy_gg_built_brass_ksl	building_to_building_own	1.0000	1.0000	0.0000	
wh3_main_ksl_resource_ivory_2	derpy_gg_built_brass_ksl	building_to_building_own	1.0000	1.0000	0.0000	
wh3_main_ksl_resource_ivory_3	derpy_gg_built_brass_ksl	building_to_building_own	1.0000	1.0000	0.0000	
wh3_main_ksl_resource_marble_1	derpy_gg_built_brass_ksl	building_to_building_own	1.0000	1.0000	0.0000	
wh3_main_ksl_resource_marble_2	derpy_gg_built_brass_ksl	building_to_building_own	1.0000	1.0000	0.0000	
wh3_main_ksl_resource_marble_3	derpy_gg_built_brass_ksl	building_to_building_own	1.0000	1.0000	0.0000	
wh3_main_ksl_resource_medicine_1	derpy_gg_built_brass_ksl	building_to_building_own	1.0000	1.0000	0.0000	
wh3_main_ksl_resource_medicine_2	derpy_gg_built_brass_ksl	building_to_building_own	1.0000	1.0000	0.0000	
wh3_main_ksl_resource_medicine_3	derpy_gg_built_brass_ksl	building_to_building_own	1.0000	1.0000	0.0000	
wh3_main_ksl_resource_obsidian_1	derpy_gg_built_brass_ksl	building_to_building_own	1.0000	1.0000	0.0000	
wh3_main_ksl_resource_obsidian_2	derpy_gg_built_brass_ksl	building_to_building_own	1.0000	1.0000	0.0000	
wh3_main_ksl_resource_obsidian_3	derpy_gg_built_brass_ksl	building_to_building_own	1.0000	1.0000	0.0000	
wh3_main_ksl_resource_pasture_1	derpy_gg_built_brass_ksl	building_to_building_own	1.0000	1.0000	0.0000	
wh3_main_ksl_resource_pasture_2	derpy_gg_built_brass_ksl	building_to_building_own	1.0000	1.0000	0.0000	
wh3_main_ksl_resource_pasture_3	derpy_gg_built_brass_ksl	building_to_building_own	1.0000	1.0000	0.0000	
wh3_main_ksl_resource_pottery_1	derpy_gg_built_brass_ksl	building_to_building_own	1.0000	1.0000	0.0000	
wh3_main_ksl_resource_pottery_2	derpy_gg_built_brass_ksl	building_to_building_own	1.0000	1.0000	0.0000	
wh3_main_ksl_resource_pottery_3	derpy_gg_built_brass_ksl	building_to_building_own	1.0000	1.0000	0.0000	
wh3_main_ksl_resource_salt_1	derpy_gg_built_brass_ksl	building_to_building_own	1.0000	1.0000	0.0000	
wh3_main_ksl_resource_salt_2	derpy_gg_built_brass_ksl	building_to_building_own	1.0000	1.0000	0.0000	
wh3_main_ksl_resource_salt_3	derpy_gg_built_brass_ksl	building_to_building_own	1.0000	1.0000	0.0000	
wh3_main_ksl_resource_spices_1	derpy_gg_built_brass_ksl	building_to_building_own	1.0000	1.0000	0.0000	
wh3_main_ksl_resource_spices_2	derpy_gg_built_brass_ksl	building_to_building_own	1.0000	1.0000	0.0000	
wh3_main_ksl_resource_spices_3	derpy_gg_built_brass_ksl	building_to_building_own	1.0000	1.0000	0.0000	
wh3_main_ksl_resource_wine_1	derpy_gg_built_brass_ksl	building_to_building_own	1.0000	1.0000	0.0000	
wh3_main_ksl_resource_wine_2	derpy_gg_built_brass_ksl	building_to_building_own	1.0000	1.0000	0.0000	
wh3_main_ksl_resource_wine_3	derpy_gg_built_brass_ksl	building_to_building_own	1.0000	1.0000	0.0000	
wh3_main_ksl_resource_wood_1	derpy_gg_built_brass_ksl	building_to_building_own	1.0000	1.0000	0.0000	
wh3_main_ksl_resource_wood_2	derpy_gg_built_brass_ksl	building_to_building_own	1.0000	1.0000	0.0000	
wh3_main_ksl_resource_wood_3	derpy_gg_built_brass_ksl	building_to_building_own	1.0000	1.0000	0.0000	
wh3_main_ksl_settlement_major_1	derpy_gg_built_overseers_ksl	building_to_building_own	1.0000	1.0000	0.0000	
wh3_main_ksl_settlement_major_2	derpy_gg_built_overseers_ksl	building_to_building_own	1.0000	1.0000	0.0000	
wh3_main_ksl_settlement_major_3	derpy_gg_built_overseers_ksl	building_to_building_own	1.0000	1.0000	0.0000	
wh3_main_ksl_settlement_major_4	derpy_gg_built_overseers_ksl	building_to_building_own	1.0000	1.0000	0.0000	
wh3_main_ksl_settlement_major_5	derpy_gg_built_overseers_ksl	building_to_building_own	1.0000	1.0000	0.0000	
wh3_main_ksl_settlement_minor_1	derpy_gg_built_overseers_ksl	building_to_building_own	1.0000	1.0000	0.0000	
wh3_main_ksl_settlement_minor_2	derpy_gg_built_overseers_ksl	building_to_building_own	1.0000	1.0000	0.0000	
wh3_main_ksl_settlement_minor_3	derpy_gg_built_overseers_ksl	building_to_building_own	1.0000	1.0000	0.0000	
wh3_main_ksl_stables_1	derpy_gg_built_overseers_ksl	building_to_building_own	1.0000	1.0000	0.0000	
wh3_main_ksl_stables_2	derpy_gg_built_overseers_ksl	building_to_building_own	1.0000	1.0000	0.0000	
wh3_main_ksl_trade_order_1	derpy_gg_built_brass_ksl	building_to_building_own	1.0000	1.0000	0.0000	
wh3_main_ksl_trade_order_2	derpy_gg_built_brass_ksl	building_to_building_own	1.0000	1.0000	0.0000	
wh3_main_ksl_trade_order_3	derpy_gg_built_brass_ksl	building_to_building_own	1.0000	1.0000	0.0000	
wh3_main_ksl_trade_order_4	derpy_gg_built_brass_ksl	building_to_building_own	1.0000	1.0000	0.0000	
wh3_main_ksl_trade_order_5	derpy_gg_built_brass_ksl	building_to_building_own	1.0000	1.0000	0.0000	
wh3_main_ksl_walls_major_1	derpy_gg_built_immortals_ksl	building_to_building_own	1.0000	1.0000	0.0000	
wh3_main_ksl_walls_major_2	derpy_gg_built_immortals_ksl	building_to_building_own	1.0000	1.0000	0.0000	
wh3_main_ksl_walls_major_3	derpy_gg_built_immortals_ksl	building_to_building_own	1.0000	1.0000	0.0000	
wh3_main_ksl_walls_minor_1	derpy_gg_built_immortals_ksl	building_to_building_own	1.0000	1.0000	0.0000	
wh3_main_ksl_walls_minor_2	derpy_gg_built_immortals_ksl	building_to_building_own	1.0000	1.0000	0.0000	
wh3_main_special_celestial_palace	derpy_gg_built_overseers_cth	building_to_building_own	1.0000	1.0000	0.0000	
wh3_main_special_cth_li_temple	derpy_gg_built_overseers_cth	building_to_building_own	1.0000	1.0000	0.0000	
wh3_main_special_grand_observatory_of_xing_po	derpy_gg_built_daemonsmiths_cth	building_to_building_own	1.0000	1.0000	0.0000	
wh3_main_special_karak_azorn_great_hall	derpy_gg_built_overseers_dwf	building_to_building_own	1.0000	1.0000	0.0000	
wh3_main_special_ksl_erengrad_1_1	derpy_gg_built_overseers_ksl	building_to_building_own	1.0000	1.0000	0.0000	
wh3_main_special_ksl_erengrad_1_2	derpy_gg_built_overseers_ksl	building_to_building_own	1.0000	1.0000	0.0000	
wh3_main_special_ksl_erengrad_1_3	derpy_gg_built_overseers_ksl	building_to_building_own	1.0000	1.0000	0.0000	
wh3_main_special_ksl_erengrad_2_1	derpy_gg_built_overseers_ksl	building_to_building_own	1.0000	1.0000	0.0000	
wh3_main_special_ksl_erengrad_2_2	derpy_gg_built_overseers_ksl	building_to_building_own	1.0000	1.0000	0.0000	
wh3_main_special_ksl_erengrad_2_3	derpy_gg_built_overseers_ksl	building_to_building_own	1.0000	1.0000	0.0000	
wh3_main_special_ksl_erengrad_3_1	derpy_gg_built_overseers_ksl	building_to_building_own	1.0000	1.0000	0.0000	
wh3_main_special_ksl_erengrad_3_2	derpy_gg_built_overseers_ksl	building_to_building_own	1.0000	1.0000	0.0000	
wh3_main_special_ksl_erengrad_3_3	derpy_gg_built_overseers_ksl	building_to_building_own	1.0000	1.0000	0.0000	
wh3_main_special_ksl_erengrad_3_4	derpy_gg_built_overseers_ksl	building_to_building_own	1.0000	1.0000	0.0000	
wh3_main_special_ksl_erengrad_3_5	derpy_gg_built_overseers_ksl	building_to_building_own	1.0000	1.0000	0.0000	
wh3_main_special_ksl_erengrad_4_1	derpy_gg_built_overseers_ksl	building_to_building_own	1.0000	1.0000	0.0000	
wh3_main_special_ksl_kislev_1_2	derpy_gg_built_overseers_ksl	building_to_building_own	1.0000	1.0000	0.0000	
wh3_main_special_ksl_kislev_1_3	derpy_gg_built_overseers_ksl	building_to_building_own	1.0000	1.0000	0.0000	
wh3_main_special_ksl_kislev_1_4	derpy_gg_built_overseers_ksl	building_to_building_own	1.0000	1.0000	0.0000	
wh3_main_special_ksl_kislev_2_2	derpy_gg_built_overseers_ksl	building_to_building_own	1.0000	1.0000	0.0000	
wh3_main_special_ksl_kislev_2_3	derpy_gg_built_overseers_ksl	building_to_building_own	1.0000	1.0000	0.0000	
wh3_main_special_ksl_kislev_2_4	derpy_gg_built_overseers_ksl	building_to_building_own	1.0000	1.0000	0.0000	
wh3_main_special_ksl_kislev_3_3	derpy_gg_built_overseers_ksl	building_to_building_own	1.0000	1.0000	0.0000	
wh3_main_special_ksl_kislev_3_4	derpy_gg_built_overseers_ksl	building_to_building_own	1.0000	1.0000	0.0000	
wh3_main_special_ksl_kislev_3_5	derpy_gg_built_overseers_ksl	building_to_building_own	1.0000	1.0000	0.0000	
wh3_main_special_ksl_kislev_4_1	derpy_gg_built_overseers_ksl	building_to_building_own	1.0000	1.0000	0.0000	
wh3_main_special_ksl_kislev_4_2	derpy_gg_built_overseers_ksl	building_to_building_own	1.0000	1.0000	0.0000	
wh3_main_special_ksl_praag_1_1	derpy_gg_built_overseers_ksl	building_to_building_own	1.0000	1.0000	0.0000	
wh3_main_special_ksl_praag_1_2	derpy_gg_built_overseers_ksl	building_to_building_own	1.0000	1.0000	0.0000	
wh3_main_special_ksl_praag_2_1	derpy_gg_built_overseers_ksl	building_to_building_own	1.0000	1.0000	0.0000	
wh3_main_special_ksl_praag_2_2	derpy_gg_built_overseers_ksl	building_to_building_own	1.0000	1.0000	0.0000	
wh3_main_special_ksl_praag_2_3	derpy_gg_built_overseers_ksl	building_to_building_own	1.0000	1.0000	0.0000	
wh3_main_special_ksl_praag_3_1	derpy_gg_built_overseers_ksl	building_to_building_own	1.0000	1.0000	0.0000	
wh3_main_special_ksl_praag_3_2	derpy_gg_built_overseers_ksl	building_to_building_own	1.0000	1.0000	0.0000	
wh3_main_special_ksl_praag_3_3	derpy_gg_built_overseers_ksl	building_to_building_own	1.0000	1.0000	0.0000	
wh3_main_special_paradise_gardens	derpy_gg_built_overseers_cth	building_to_building_own	1.0000	1.0000	0.0000	
wh3_main_special_phoenix_temple	derpy_gg_built_overseers_cth	building_to_building_own	1.0000	1.0000	0.0000	
wh3_main_special_reformed_holds	derpy_gg_built_overseers_dwf	building_to_building_own	1.0000	1.0000	0.0000	
wh3_main_special_settlement_bastion_chd_1	derpy_gg_built_overseers	building_to_building_own	1.0000	1.0000	0.0000	
wh3_main_special_settlement_bastion_chd_2	derpy_gg_built_overseers	building_to_building_own	1.0000	1.0000	0.0000	
wh3_main_special_settlement_bastion_chd_3	derpy_gg_built_overseers	building_to_building_own	1.0000	1.0000	0.0000	
wh3_main_special_settlement_bastion_chd_4	derpy_gg_built_overseers	building_to_building_own	1.0000	1.0000	0.0000	
wh3_main_special_settlement_bastion_chd_5	derpy_gg_built_overseers	building_to_building_own	1.0000	1.0000	0.0000	
wh3_main_special_temple_of_the_jade_blood_sorcerers	derpy_gg_built_overseers_cth	building_to_building_own	1.0000	1.0000	0.0000	
wh3_main_special_the_great_embassy	derpy_gg_built_overseers_cth	building_to_building_own	1.0000	1.0000	0.0000	
wh3_main_special_the_ninth_wall	derpy_gg_built_overseers_cth	building_to_building_own	1.0000	1.0000	0.0000	
wh3_main_special_the_temple_of_the_two_moons	derpy_gg_built_overseers_cth	building_to_building_own	1.0000	1.0000	0.0000	
wh3_main_underdeep_dwf_defence_hold_1	derpy_gg_built_immortals_dwf	building_to_building_own	1.0000	1.0000	0.0000	
wh3_main_underdeep_dwf_defence_slayers_1	derpy_gg_built_immortals_dwf	building_to_building_own	1.0000	1.0000	0.0000	
wh3_main_underdeep_dwf_economy_counting_room_1	derpy_gg_built_overseers_dwf	building_to_building_own	1.0000	1.0000	0.0000	
wh3_main_underdeep_dwf_economy_counting_room_2	derpy_gg_built_overseers_dwf	building_to_building_own	1.0000	1.0000	0.0000	
wh3_main_underdeep_dwf_economy_counting_room_2_a	derpy_gg_built_overseers_dwf	building_to_building_own	1.0000	1.0000	0.0000	
wh3_main_underdeep_dwf_economy_counting_room_3	derpy_gg_built_overseers_dwf	building_to_building_own	1.0000	1.0000	0.0000	
wh3_main_underdeep_dwf_economy_drinking_1	derpy_gg_built_overseers_dwf	building_to_building_own	1.0000	1.0000	0.0000	
wh3_main_underdeep_dwf_economy_drinking_2	derpy_gg_built_overseers_dwf	building_to_building_own	1.0000	1.0000	0.0000	
wh3_main_underdeep_dwf_economy_oathgold_1	derpy_gg_built_brass_dwf	building_to_building_own	1.0000	1.0000	0.0000	
wh3_main_underdeep_dwf_economy_oathgold_2	derpy_gg_built_brass_dwf	building_to_building_own	1.0000	1.0000	0.0000	
wh3_main_underdeep_dwf_economy_oathgold_2_a	derpy_gg_built_brass_dwf	building_to_building_own	1.0000	1.0000	0.0000	
wh3_main_underdeep_dwf_economy_oathgold_3	derpy_gg_built_brass_dwf	building_to_building_own	1.0000	1.0000	0.0000	
wh3_main_underdeep_dwf_economy_trade_1	derpy_gg_built_brass_dwf	building_to_building_own	1.0000	1.0000	0.0000	
wh3_main_underdeep_dwf_grudges_1	derpy_gg_built_overseers_dwf	building_to_building_own	1.0000	1.0000	0.0000	
wh3_main_underdeep_dwf_grudges_2	derpy_gg_built_overseers_dwf	building_to_building_own	1.0000	1.0000	0.0000	
wh3_main_underdeep_dwf_grudges_2_a	derpy_gg_built_overseers_dwf	building_to_building_own	1.0000	1.0000	0.0000	
wh3_main_underdeep_dwf_grudges_3	derpy_gg_built_overseers_dwf	building_to_building_own	1.0000	1.0000	0.0000	
wh3_main_underdeep_dwf_main_deeper_1	derpy_gg_built_overseers_dwf	building_to_building_own	1.0000	1.0000	0.0000	
wh3_main_underdeep_dwf_main_deeper_2	derpy_gg_built_overseers_dwf	building_to_building_own	1.0000	1.0000	0.0000	
wh3_main_underdeep_dwf_main_karak_eight_peaks_1	derpy_gg_built_overseers_dwf	building_to_building_own	1.0000	1.0000	0.0000	
wh3_main_underdeep_dwf_main_karak_eight_peaks_2	derpy_gg_built_overseers_dwf	building_to_building_own	1.0000	1.0000	0.0000	
wh3_main_underdeep_dwf_main_karak_eight_peaks_3	derpy_gg_built_overseers_dwf	building_to_building_own	1.0000	1.0000	0.0000	
wh3_main_underdeep_dwf_main_major_1	derpy_gg_built_overseers_dwf	building_to_building_own	1.0000	1.0000	0.0000	
wh3_main_underdeep_dwf_main_major_2	derpy_gg_built_overseers_dwf	building_to_building_own	1.0000	1.0000	0.0000	
wh3_main_underdeep_dwf_main_major_3	derpy_gg_built_overseers_dwf	building_to_building_own	1.0000	1.0000	0.0000	
wh3_main_underdeep_dwf_main_minor_1	derpy_gg_built_overseers_dwf	building_to_building_own	1.0000	1.0000	0.0000	
wh3_main_underdeep_dwf_main_minor_2	derpy_gg_built_overseers_dwf	building_to_building_own	1.0000	1.0000	0.0000	
wh3_main_underdeep_dwf_main_minor_3	derpy_gg_built_overseers_dwf	building_to_building_own	1.0000	1.0000	0.0000	
wh3_main_underdeep_dwf_main_skavenblight_1	derpy_gg_built_overseers_dwf	building_to_building_own	1.0000	1.0000	0.0000	
wh3_main_underdeep_dwf_main_skavenblight_2	derpy_gg_built_overseers_dwf	building_to_building_own	1.0000	1.0000	0.0000	
wh3_main_underdeep_dwf_main_skavenblight_3	derpy_gg_built_overseers_dwf	building_to_building_own	1.0000	1.0000	0.0000	
wh3_main_underdeep_dwf_main_zharr_naggrund_1	derpy_gg_built_overseers_dwf	building_to_building_own	1.0000	1.0000	0.0000	
wh3_main_underdeep_dwf_main_zharr_naggrund_2	derpy_gg_built_overseers_dwf	building_to_building_own	1.0000	1.0000	0.0000	
wh3_main_underdeep_dwf_main_zharr_naggrund_3	derpy_gg_built_overseers_dwf	building_to_building_own	1.0000	1.0000	0.0000	
wh3_main_underdeep_dwf_resources_1	derpy_gg_built_brass_dwf	building_to_building_own	1.0000	1.0000	0.0000	
wh3_main_underdeep_dwf_tall_1	derpy_gg_built_overseers_dwf	building_to_building_own	1.0000	1.0000	0.0000	
wh3_main_underdeep_dwf_tall_2	derpy_gg_built_overseers_dwf	building_to_building_own	1.0000	1.0000	0.0000	
wh3_main_underdeep_dwf_tall_2_a	derpy_gg_built_overseers_dwf	building_to_building_own	1.0000	1.0000	0.0000	
wh3_main_underdeep_dwf_tall_3	derpy_gg_built_overseers_dwf	building_to_building_own	1.0000	1.0000	0.0000	
wh_dlc06_dwf_eight_peaks_1	derpy_gg_built_overseers_dwf	building_to_building_own	1.0000	1.0000	0.0000	
wh_dlc06_dwf_eight_peaks_2	derpy_gg_built_overseers_dwf	building_to_building_own	1.0000	1.0000	0.0000	
wh_dlc06_dwf_eight_peaks_3	derpy_gg_built_overseers_dwf	building_to_building_own	1.0000	1.0000	0.0000	
wh_dlc06_dwf_ranger_hub_1	derpy_gg_built_overseers_dwf	building_to_building_own	1.0000	1.0000	0.0000	
wh_dlc06_dwf_ranger_hub_1_all	derpy_gg_built_overseers_dwf	building_to_building_own	1.0000	1.0000	0.0000	
wh_dlc06_dwf_ranger_hub_2	derpy_gg_built_overseers_dwf	building_to_building_own	1.0000	1.0000	0.0000	
wh_dlc25_dwf_engineer_4	derpy_gg_built_daemonsmiths_dwf	building_to_building_own	1.0000	1.0000	0.0000	
wh_main_brt_barracks_1	derpy_gg_built_immortals_brt	building_to_building_own	1.0000	1.0000	0.0000	
wh_main_brt_barracks_2	derpy_gg_built_immortals_brt	building_to_building_own	1.0000	1.0000	0.0000	
wh_main_brt_barracks_3	derpy_gg_built_immortals_brt	building_to_building_own	1.0000	1.0000	0.0000	
wh_main_brt_barracks_4	derpy_gg_built_immortals_brt	building_to_building_own	1.0000	1.0000	0.0000	
wh_main_brt_carpenter_1	derpy_gg_built_overseers_brt	building_to_building_own	1.0000	1.0000	0.0000	
wh_main_brt_carpenter_2	derpy_gg_built_overseers_brt	building_to_building_own	1.0000	1.0000	0.0000	
wh_main_brt_farm_1	derpy_gg_built_overseers_brt	building_to_building_own	1.0000	1.0000	0.0000	
wh_main_brt_farm_2	derpy_gg_built_overseers_brt	building_to_building_own	1.0000	1.0000	0.0000	
wh_main_brt_farm_3	derpy_gg_built_overseers_brt	building_to_building_own	1.0000	1.0000	0.0000	
wh_main_brt_farm_extra_1	derpy_gg_built_overseers_brt	building_to_building_own	1.0000	1.0000	0.0000	
wh_main_brt_farm_extra_2	derpy_gg_built_overseers_brt	building_to_building_own	1.0000	1.0000	0.0000	
wh_main_brt_garrison_1	derpy_gg_built_immortals_brt	building_to_building_own	1.0000	1.0000	0.0000	
wh_main_brt_garrison_2	derpy_gg_built_immortals_brt	building_to_building_own	1.0000	1.0000	0.0000	
wh_main_brt_hospital_1	derpy_gg_built_overseers_brt	building_to_building_own	1.0000	1.0000	0.0000	
wh_main_brt_hospital_2	derpy_gg_built_overseers_brt	building_to_building_own	1.0000	1.0000	0.0000	
wh_main_brt_hospital_3	derpy_gg_built_overseers_brt	building_to_building_own	1.0000	1.0000	0.0000	
wh_main_brt_industry_basic_1	derpy_gg_built_overseers_brt	building_to_building_own	1.0000	1.0000	0.0000	
wh_main_brt_industry_basic_2	derpy_gg_built_overseers_brt	building_to_building_own	1.0000	1.0000	0.0000	
wh_main_brt_industry_basic_3	derpy_gg_built_overseers_brt	building_to_building_own	1.0000	1.0000	0.0000	
wh_main_brt_industry_extra_1	derpy_gg_built_overseers_brt	building_to_building_own	1.0000	1.0000	0.0000	
wh_main_brt_industry_extra_2	derpy_gg_built_overseers_brt	building_to_building_own	1.0000	1.0000	0.0000	
wh_main_brt_legendary_enchantress_tower	derpy_gg_built_overseers_brt	building_to_building_own	1.0000	1.0000	0.0000	
wh_main_brt_legendary_grail_abbey	derpy_gg_built_overseers_brt	building_to_building_own	1.0000	1.0000	0.0000	
wh_main_brt_port_1	derpy_gg_built_brass_brt	building_to_building_own	1.0000	1.0000	0.0000	
wh_main_brt_port_2	derpy_gg_built_brass_brt	building_to_building_own	1.0000	1.0000	0.0000	
wh_main_brt_port_3	derpy_gg_built_brass_brt	building_to_building_own	1.0000	1.0000	0.0000	
wh_main_brt_settlement_major_1	derpy_gg_built_overseers_brt	building_to_building_own	1.0000	1.0000	0.0000	
wh_main_brt_settlement_major_2	derpy_gg_built_overseers_brt	building_to_building_own	1.0000	1.0000	0.0000	
wh_main_brt_settlement_major_3	derpy_gg_built_overseers_brt	building_to_building_own	1.0000	1.0000	0.0000	
wh_main_brt_settlement_major_4	derpy_gg_built_overseers_brt	building_to_building_own	1.0000	1.0000	0.0000	
wh_main_brt_settlement_major_5	derpy_gg_built_overseers_brt	building_to_building_own	1.0000	1.0000	0.0000	
wh_main_brt_settlement_minor_1	derpy_gg_built_overseers_brt	building_to_building_own	1.0000	1.0000	0.0000	
wh_main_brt_settlement_minor_2	derpy_gg_built_overseers_brt	building_to_building_own	1.0000	1.0000	0.0000	
wh_main_brt_settlement_minor_3	derpy_gg_built_overseers_brt	building_to_building_own	1.0000	1.0000	0.0000	
wh_main_brt_smiths_1	derpy_gg_built_daemonsmiths_brt	building_to_building_own	1.0000	1.0000	0.0000	
wh_main_brt_smiths_2	derpy_gg_built_daemonsmiths_brt	building_to_building_own	1.0000	1.0000	0.0000	
wh_main_brt_stables_1	derpy_gg_built_overseers_brt	building_to_building_own	1.0000	1.0000	0.0000	
wh_main_brt_stables_2	derpy_gg_built_overseers_brt	building_to_building_own	1.0000	1.0000	0.0000	
wh_main_brt_stables_3	derpy_gg_built_overseers_brt	building_to_building_own	1.0000	1.0000	0.0000	
wh_main_brt_stables_4	derpy_gg_built_overseers_brt	building_to_building_own	1.0000	1.0000	0.0000	
wh_main_brt_stables_5	derpy_gg_built_overseers_brt	building_to_building_own	1.0000	1.0000	0.0000	
wh_main_brt_tavern_1	derpy_gg_built_overseers_brt	building_to_building_own	1.0000	1.0000	0.0000	
wh_main_brt_tavern_2	derpy_gg_built_overseers_brt	building_to_building_own	1.0000	1.0000	0.0000	
wh_main_brt_tavern_3	derpy_gg_built_overseers_brt	building_to_building_own	1.0000	1.0000	0.0000	
wh_main_brt_tavern_4	derpy_gg_built_overseers_brt	building_to_building_own	1.0000	1.0000	0.0000	
wh_main_brt_walls_1	derpy_gg_built_immortals_brt	building_to_building_own	1.0000	1.0000	0.0000	
wh_main_brt_walls_2	derpy_gg_built_immortals_brt	building_to_building_own	1.0000	1.0000	0.0000	
wh_main_brt_walls_3	derpy_gg_built_immortals_brt	building_to_building_own	1.0000	1.0000	0.0000	
wh_main_brt_worship_1	derpy_gg_built_overseers_brt	building_to_building_own	1.0000	1.0000	0.0000	
wh_main_brt_worship_2	derpy_gg_built_overseers_brt	building_to_building_own	1.0000	1.0000	0.0000	
wh_main_brt_worship_3	derpy_gg_built_overseers_brt	building_to_building_own	1.0000	1.0000	0.0000	
wh_main_dwf_barracks_1	derpy_gg_built_immortals_dwf	building_to_building_own	1.0000	1.0000	0.0000	
wh_main_dwf_barracks_2	derpy_gg_built_immortals_dwf	building_to_building_own	1.0000	1.0000	0.0000	
wh_main_dwf_barracks_3	derpy_gg_built_immortals_dwf	building_to_building_own	1.0000	1.0000	0.0000	
wh_main_dwf_barracks_4	derpy_gg_built_overseers_dwf	building_to_building_own	1.0000	1.0000	0.0000	
wh_main_dwf_engineer_1	derpy_gg_built_daemonsmiths_dwf	building_to_building_own	1.0000	1.0000	0.0000	
wh_main_dwf_engineer_2	derpy_gg_built_daemonsmiths_dwf	building_to_building_own	1.0000	1.0000	0.0000	
wh_main_dwf_engineer_3	derpy_gg_built_daemonsmiths_dwf	building_to_building_own	1.0000	1.0000	0.0000	
wh_main_dwf_farm_1	derpy_gg_built_overseers_dwf	building_to_building_own	1.0000	1.0000	0.0000	
wh_main_dwf_farm_2	derpy_gg_built_overseers_dwf	building_to_building_own	1.0000	1.0000	0.0000	
wh_main_dwf_farm_3	derpy_gg_built_overseers_dwf	building_to_building_own	1.0000	1.0000	0.0000	
wh_main_dwf_farm_4	derpy_gg_built_overseers_dwf	building_to_building_own	1.0000	1.0000	0.0000	
wh_main_dwf_garrison_1	derpy_gg_built_immortals_dwf	building_to_building_own	1.0000	1.0000	0.0000	
wh_main_dwf_garrison_2	derpy_gg_built_immortals_dwf	building_to_building_own	1.0000	1.0000	0.0000	
wh_main_dwf_industry_1	derpy_gg_built_overseers_dwf	building_to_building_own	1.0000	1.0000	0.0000	
wh_main_dwf_industry_2	derpy_gg_built_overseers_dwf	building_to_building_own	1.0000	1.0000	0.0000	
wh_main_dwf_industry_3	derpy_gg_built_overseers_dwf	building_to_building_own	1.0000	1.0000	0.0000	
wh_main_dwf_industry_4	derpy_gg_built_overseers_dwf	building_to_building_own	1.0000	1.0000	0.0000	
wh_main_dwf_industry_5	derpy_gg_built_overseers_dwf	building_to_building_own	1.0000	1.0000	0.0000	
wh_main_dwf_port_1	derpy_gg_built_brass_dwf	building_to_building_own	1.0000	1.0000	0.0000	
wh_main_dwf_port_2	derpy_gg_built_brass_dwf	building_to_building_own	1.0000	1.0000	0.0000	
wh_main_dwf_port_3	derpy_gg_built_brass_dwf	building_to_building_own	1.0000	1.0000	0.0000	
wh_main_dwf_resource_beer_1	derpy_gg_built_brass_dwf	building_to_building_own	1.0000	1.0000	0.0000	
wh_main_dwf_resource_beer_2	derpy_gg_built_brass_dwf	building_to_building_own	1.0000	1.0000	0.0000	
wh_main_dwf_resource_beer_3	derpy_gg_built_brass_dwf	building_to_building_own	1.0000	1.0000	0.0000	
wh_main_dwf_resource_beer_4	derpy_gg_built_brass_dwf	building_to_building_own	1.0000	1.0000	0.0000	
wh_main_dwf_resource_dyes_1	derpy_gg_built_brass_dwf	building_to_building_own	1.0000	1.0000	0.0000	
wh_main_dwf_resource_dyes_2	derpy_gg_built_brass_dwf	building_to_building_own	1.0000	1.0000	0.0000	
wh_main_dwf_resource_dyes_3	derpy_gg_built_brass_dwf	building_to_building_own	1.0000	1.0000	0.0000	
wh_main_dwf_resource_dyes_4	derpy_gg_built_brass_dwf	building_to_building_own	1.0000	1.0000	0.0000	
wh_main_dwf_resource_game_1	derpy_gg_built_brass_dwf	building_to_building_own	1.0000	1.0000	0.0000	
wh_main_dwf_resource_game_2	derpy_gg_built_brass_dwf	building_to_building_own	1.0000	1.0000	0.0000	
wh_main_dwf_resource_game_3	derpy_gg_built_brass_dwf	building_to_building_own	1.0000	1.0000	0.0000	
wh_main_dwf_resource_game_4	derpy_gg_built_brass_dwf	building_to_building_own	1.0000	1.0000	0.0000	
wh_main_dwf_resource_gems_1	derpy_gg_built_brass_dwf	building_to_building_own	1.0000	1.0000	0.0000	
wh_main_dwf_resource_gems_2	derpy_gg_built_brass_dwf	building_to_building_own	1.0000	1.0000	0.0000	
wh_main_dwf_resource_gems_3	derpy_gg_built_brass_dwf	building_to_building_own	1.0000	1.0000	0.0000	
wh_main_dwf_resource_gems_4	derpy_gg_built_brass_dwf	building_to_building_own	1.0000	1.0000	0.0000	
wh_main_dwf_resource_gold_1	derpy_gg_built_brass_dwf	building_to_building_own	1.0000	1.0000	0.0000	
wh_main_dwf_resource_gold_2	derpy_gg_built_brass_dwf	building_to_building_own	1.0000	1.0000	0.0000	
wh_main_dwf_resource_gold_3	derpy_gg_built_brass_dwf	building_to_building_own	1.0000	1.0000	0.0000	
wh_main_dwf_resource_gold_4	derpy_gg_built_brass_dwf	building_to_building_own	1.0000	1.0000	0.0000	
wh_main_dwf_resource_iron_1	derpy_gg_built_brass_dwf	building_to_building_own	1.0000	1.0000	0.0000	
wh_main_dwf_resource_iron_2	derpy_gg_built_brass_dwf	building_to_building_own	1.0000	1.0000	0.0000	
wh_main_dwf_resource_iron_3	derpy_gg_built_brass_dwf	building_to_building_own	1.0000	1.0000	0.0000	
wh_main_dwf_resource_iron_4	derpy_gg_built_brass_dwf	building_to_building_own	1.0000	1.0000	0.0000	
wh_main_dwf_resource_marble_1	derpy_gg_built_brass_dwf	building_to_building_own	1.0000	1.0000	0.0000	
wh_main_dwf_resource_marble_2	derpy_gg_built_brass_dwf	building_to_building_own	1.0000	1.0000	0.0000	
wh_main_dwf_resource_marble_3	derpy_gg_built_brass_dwf	building_to_building_own	1.0000	1.0000	0.0000	
wh_main_dwf_resource_marble_4	derpy_gg_built_brass_dwf	building_to_building_own	1.0000	1.0000	0.0000	
wh_main_dwf_resource_pastures_1	derpy_gg_built_brass_dwf	building_to_building_own	1.0000	1.0000	0.0000	
wh_main_dwf_resource_pastures_2	derpy_gg_built_brass_dwf	building_to_building_own	1.0000	1.0000	0.0000	
wh_main_dwf_resource_pastures_3	derpy_gg_built_brass_dwf	building_to_building_own	1.0000	1.0000	0.0000	
wh_main_dwf_resource_pastures_4	derpy_gg_built_brass_dwf	building_to_building_own	1.0000	1.0000	0.0000	
wh_main_dwf_resource_salt_1	derpy_gg_built_brass_dwf	building_to_building_own	1.0000	1.0000	0.0000	
wh_main_dwf_resource_salt_2	derpy_gg_built_brass_dwf	building_to_building_own	1.0000	1.0000	0.0000	
wh_main_dwf_resource_salt_3	derpy_gg_built_brass_dwf	building_to_building_own	1.0000	1.0000	0.0000	
wh_main_dwf_resource_salt_4	derpy_gg_built_brass_dwf	building_to_building_own	1.0000	1.0000	0.0000	
wh_main_dwf_resource_timber_1	derpy_gg_built_brass_dwf	building_to_building_own	1.0000	1.0000	0.0000	
wh_main_dwf_resource_timber_2	derpy_gg_built_brass_dwf	building_to_building_own	1.0000	1.0000	0.0000	
wh_main_dwf_resource_timber_3	derpy_gg_built_brass_dwf	building_to_building_own	1.0000	1.0000	0.0000	
wh_main_dwf_resource_timber_4	derpy_gg_built_brass_dwf	building_to_building_own	1.0000	1.0000	0.0000	
wh_main_dwf_settlement_major_1	derpy_gg_built_overseers_dwf	building_to_building_own	1.0000	1.0000	0.0000	
wh_main_dwf_settlement_major_2	derpy_gg_built_overseers_dwf	building_to_building_own	1.0000	1.0000	0.0000	
wh_main_dwf_settlement_major_3	derpy_gg_built_overseers_dwf	building_to_building_own	1.0000	1.0000	0.0000	
wh_main_dwf_settlement_major_4	derpy_gg_built_overseers_dwf	building_to_building_own	1.0000	1.0000	0.0000	
wh_main_dwf_settlement_major_5	derpy_gg_built_overseers_dwf	building_to_building_own	1.0000	1.0000	0.0000	
wh_main_dwf_settlement_minor_1	derpy_gg_built_overseers_dwf	building_to_building_own	1.0000	1.0000	0.0000	
wh_main_dwf_settlement_minor_2	derpy_gg_built_overseers_dwf	building_to_building_own	1.0000	1.0000	0.0000	
wh_main_dwf_settlement_minor_3	derpy_gg_built_overseers_dwf	building_to_building_own	1.0000	1.0000	0.0000	
wh_main_dwf_slayer_1	derpy_gg_built_overseers_dwf	building_to_building_own	1.0000	1.0000	0.0000	
wh_main_dwf_slayer_2	derpy_gg_built_overseers_dwf	building_to_building_own	1.0000	1.0000	0.0000	
wh_main_dwf_smith_1	derpy_gg_built_daemonsmiths_dwf	building_to_building_own	1.0000	1.0000	0.0000	
wh_main_dwf_smith_2	derpy_gg_built_daemonsmiths_dwf	building_to_building_own	1.0000	1.0000	0.0000	
wh_main_dwf_smith_3	derpy_gg_built_daemonsmiths_dwf	building_to_building_own	1.0000	1.0000	0.0000	
wh_main_dwf_smith_4	derpy_gg_built_daemonsmiths_dwf	building_to_building_own	1.0000	1.0000	0.0000	
wh_main_dwf_tavern_1	derpy_gg_built_overseers_dwf	building_to_building_own	1.0000	1.0000	0.0000	
wh_main_dwf_tavern_2	derpy_gg_built_overseers_dwf	building_to_building_own	1.0000	1.0000	0.0000	
wh_main_dwf_tavern_3	derpy_gg_built_overseers_dwf	building_to_building_own	1.0000	1.0000	0.0000	
wh_main_dwf_trade_depot_1	derpy_gg_built_brass_dwf	building_to_building_own	1.0000	1.0000	0.0000	
wh_main_dwf_trade_depot_2	derpy_gg_built_brass_dwf	building_to_building_own	1.0000	1.0000	0.0000	
wh_main_dwf_wall_1	derpy_gg_built_immortals_dwf	building_to_building_own	1.0000	1.0000	0.0000	
wh_main_dwf_wall_2	derpy_gg_built_immortals_dwf	building_to_building_own	1.0000	1.0000	0.0000	
wh_main_dwf_wall_3	derpy_gg_built_immortals_dwf	building_to_building_own	1.0000	1.0000	0.0000	
wh_main_dwf_workshop_1	derpy_gg_built_daemonsmiths_dwf	building_to_building_own	1.0000	1.0000	0.0000	
wh_main_dwf_workshop_2	derpy_gg_built_daemonsmiths_dwf	building_to_building_own	1.0000	1.0000	0.0000	
wh_main_dwf_workshop_3	derpy_gg_built_daemonsmiths_dwf	building_to_building_own	1.0000	1.0000	0.0000	
wh_main_emp_barracks_1	derpy_gg_built_immortals_emp	building_to_building_own	1.0000	1.0000	0.0000	
wh_main_emp_barracks_2	derpy_gg_built_immortals_emp	building_to_building_own	1.0000	1.0000	0.0000	
wh_main_emp_barracks_3	derpy_gg_built_immortals_emp	building_to_building_own	1.0000	1.0000	0.0000	
wh_main_emp_farm_basic_1	derpy_gg_built_overseers_emp	building_to_building_own	1.0000	1.0000	0.0000	
wh_main_emp_farm_basic_2	derpy_gg_built_overseers_emp	building_to_building_own	1.0000	1.0000	0.0000	
wh_main_emp_farm_basic_3	derpy_gg_built_overseers_emp	building_to_building_own	1.0000	1.0000	0.0000	
wh_main_emp_forges_1	derpy_gg_built_daemonsmiths_emp	building_to_building_own	1.0000	1.0000	0.0000	
wh_main_emp_forges_2	derpy_gg_built_daemonsmiths_emp	building_to_building_own	1.0000	1.0000	0.0000	
wh_main_emp_forges_3	derpy_gg_built_daemonsmiths_emp	building_to_building_own	1.0000	1.0000	0.0000	
wh_main_emp_forges_4	derpy_gg_built_daemonsmiths_emp	building_to_building_own	1.0000	1.0000	0.0000	
wh_main_emp_garrison_1	derpy_gg_built_immortals_emp	building_to_building_own	1.0000	1.0000	0.0000	
wh_main_emp_garrison_2	derpy_gg_built_immortals_emp	building_to_building_own	1.0000	1.0000	0.0000	
wh_main_emp_industry_basic_1	derpy_gg_built_overseers_emp	building_to_building_own	1.0000	1.0000	0.0000	
wh_main_emp_industry_basic_2	derpy_gg_built_overseers_emp	building_to_building_own	1.0000	1.0000	0.0000	
wh_main_emp_industry_basic_3	derpy_gg_built_overseers_emp	building_to_building_own	1.0000	1.0000	0.0000	
wh_main_emp_port_1	derpy_gg_built_brass_emp	building_to_building_own	1.0000	1.0000	0.0000	
wh_main_emp_port_2	derpy_gg_built_brass_emp	building_to_building_own	1.0000	1.0000	0.0000	
wh_main_emp_port_3	derpy_gg_built_brass_emp	building_to_building_own	1.0000	1.0000	0.0000	
wh_main_emp_resource_dyes_1	derpy_gg_built_brass_emp	building_to_building_own	1.0000	1.0000	0.0000	
wh_main_emp_resource_dyes_2	derpy_gg_built_brass_emp	building_to_building_own	1.0000	1.0000	0.0000	
wh_main_emp_resource_dyes_3	derpy_gg_built_brass_emp	building_to_building_own	1.0000	1.0000	0.0000	
wh_main_emp_resource_furs_1	derpy_gg_built_brass_emp	building_to_building_own	1.0000	1.0000	0.0000	
wh_main_emp_resource_furs_2	derpy_gg_built_brass_emp	building_to_building_own	1.0000	1.0000	0.0000	
wh_main_emp_resource_furs_3	derpy_gg_built_brass_emp	building_to_building_own	1.0000	1.0000	0.0000	
wh_main_emp_resource_gold_1	derpy_gg_built_brass_emp	building_to_building_own	1.0000	1.0000	0.0000	
wh_main_emp_resource_gold_2	derpy_gg_built_brass_emp	building_to_building_own	1.0000	1.0000	0.0000	
wh_main_emp_resource_gold_3	derpy_gg_built_brass_emp	building_to_building_own	1.0000	1.0000	0.0000	
wh_main_emp_resource_iron_1	derpy_gg_built_brass_emp	building_to_building_own	1.0000	1.0000	0.0000	
wh_main_emp_resource_iron_2	derpy_gg_built_brass_emp	building_to_building_own	1.0000	1.0000	0.0000	
wh_main_emp_resource_iron_3	derpy_gg_built_brass_emp	building_to_building_own	1.0000	1.0000	0.0000	
wh_main_emp_resource_marble_1	derpy_gg_built_brass_emp	building_to_building_own	1.0000	1.0000	0.0000	
wh_main_emp_resource_marble_2	derpy_gg_built_brass_emp	building_to_building_own	1.0000	1.0000	0.0000	
wh_main_emp_resource_marble_3	derpy_gg_built_brass_emp	building_to_building_own	1.0000	1.0000	0.0000	
wh_main_emp_resource_pastures_1	derpy_gg_built_brass_emp	building_to_building_own	1.0000	1.0000	0.0000	
wh_main_emp_resource_pastures_2	derpy_gg_built_brass_emp	building_to_building_own	1.0000	1.0000	0.0000	
wh_main_emp_resource_pastures_3	derpy_gg_built_brass_emp	building_to_building_own	1.0000	1.0000	0.0000	
wh_main_emp_resource_pottery_1	derpy_gg_built_brass_emp	building_to_building_own	1.0000	1.0000	0.0000	
wh_main_emp_resource_pottery_2	derpy_gg_built_brass_emp	building_to_building_own	1.0000	1.0000	0.0000	
wh_main_emp_resource_pottery_3	derpy_gg_built_brass_emp	building_to_building_own	1.0000	1.0000	0.0000	
wh_main_emp_resource_salt_1	derpy_gg_built_brass_emp	building_to_building_own	1.0000	1.0000	0.0000	
wh_main_emp_resource_salt_2	derpy_gg_built_brass_emp	building_to_building_own	1.0000	1.0000	0.0000	
wh_main_emp_resource_salt_3	derpy_gg_built_brass_emp	building_to_building_own	1.0000	1.0000	0.0000	
wh_main_emp_resource_timber_1	derpy_gg_built_brass_emp	building_to_building_own	1.0000	1.0000	0.0000	
wh_main_emp_resource_timber_2	derpy_gg_built_brass_emp	building_to_building_own	1.0000	1.0000	0.0000	
wh_main_emp_resource_timber_3	derpy_gg_built_brass_emp	building_to_building_own	1.0000	1.0000	0.0000	
wh_main_emp_resource_wine_1	derpy_gg_built_brass_emp	building_to_building_own	1.0000	1.0000	0.0000	
wh_main_emp_resource_wine_2	derpy_gg_built_brass_emp	building_to_building_own	1.0000	1.0000	0.0000	
wh_main_emp_resource_wine_3	derpy_gg_built_brass_emp	building_to_building_own	1.0000	1.0000	0.0000	
wh_main_emp_settlement_major_1	derpy_gg_built_overseers_emp	building_to_building_own	1.0000	1.0000	0.0000	
wh_main_emp_settlement_major_2	derpy_gg_built_overseers_emp	building_to_building_own	1.0000	1.0000	0.0000	
wh_main_emp_settlement_major_3	derpy_gg_built_overseers_emp	building_to_building_own	1.0000	1.0000	0.0000	
wh_main_emp_settlement_major_4	derpy_gg_built_overseers_emp	building_to_building_own	1.0000	1.0000	0.0000	
wh_main_emp_settlement_major_5	derpy_gg_built_overseers_emp	building_to_building_own	1.0000	1.0000	0.0000	
wh_main_emp_settlement_minor_1	derpy_gg_built_overseers_emp	building_to_building_own	1.0000	1.0000	0.0000	
wh_main_emp_settlement_minor_2	derpy_gg_built_overseers_emp	building_to_building_own	1.0000	1.0000	0.0000	
wh_main_emp_settlement_minor_3	derpy_gg_built_overseers_emp	building_to_building_own	1.0000	1.0000	0.0000	
wh_main_emp_stables_1	derpy_gg_built_overseers_emp	building_to_building_own	1.0000	1.0000	0.0000	
wh_main_emp_stables_2	derpy_gg_built_overseers_emp	building_to_building_own	1.0000	1.0000	0.0000	
wh_main_emp_stables_3	derpy_gg_built_overseers_emp	building_to_building_own	1.0000	1.0000	0.0000	
wh_main_emp_tavern_1	derpy_gg_built_overseers_emp	building_to_building_own	1.0000	1.0000	0.0000	
wh_main_emp_tavern_2	derpy_gg_built_overseers_emp	building_to_building_own	1.0000	1.0000	0.0000	
wh_main_emp_tavern_3	derpy_gg_built_overseers_emp	building_to_building_own	1.0000	1.0000	0.0000	
wh_main_emp_walls_1	derpy_gg_built_immortals_emp	building_to_building_own	1.0000	1.0000	0.0000	
wh_main_emp_walls_2	derpy_gg_built_immortals_emp	building_to_building_own	1.0000	1.0000	0.0000	
wh_main_emp_walls_3	derpy_gg_built_immortals_emp	building_to_building_own	1.0000	1.0000	0.0000	
wh_main_emp_wizards_1	derpy_gg_built_overseers_emp	building_to_building_own	1.0000	1.0000	0.0000	
wh_main_emp_wizards_2	derpy_gg_built_overseers_emp	building_to_building_own	1.0000	1.0000	0.0000	
wh_main_emp_worship_1	derpy_gg_built_overseers_emp	building_to_building_own	1.0000	1.0000	0.0000	
wh_main_emp_worship_2	derpy_gg_built_overseers_emp	building_to_building_own	1.0000	1.0000	0.0000	
wh_main_sch_special_moot_cauldron_1	derpy_gg_built_overseers_emp	building_to_building_own	1.0000	1.0000	0.0000	
wh_main_sch_special_the_rock_1	derpy_gg_built_overseers_emp	building_to_building_own	1.0000	1.0000	0.0000	
wh_main_special_archecclesiatium	derpy_gg_built_overseers_emp	building_to_building_own	1.0000	1.0000	0.0000	
wh_main_special_archecclesiatium_brt	derpy_gg_built_overseers_brt	building_to_building_own	1.0000	1.0000	0.0000	
wh_main_special_blazing_sun_chapterhouse	derpy_gg_built_overseers_emp	building_to_building_own	1.0000	1.0000	0.0000	
wh_main_special_blazing_sun_chapterhouse_stables	derpy_gg_built_overseers_emp	building_to_building_own	1.0000	1.0000	0.0000	
wh_main_special_brightstone_mine	derpy_gg_built_overseers_dwf	building_to_building_own	1.0000	1.0000	0.0000	
wh_main_special_college_of_magic	derpy_gg_built_daemonsmiths_emp	building_to_building_own	1.0000	1.0000	0.0000	
wh_main_special_conclave_of_magic	derpy_gg_built_daemonsmiths_emp	building_to_building_own	1.0000	1.0000	0.0000	
wh_main_special_great_slayer_shrine	derpy_gg_built_overseers_dwf	building_to_building_own	1.0000	1.0000	0.0000	
wh_main_special_great_slayer_shrine_1	derpy_gg_built_overseers_dwf	building_to_building_own	1.0000	1.0000	0.0000	
wh_main_special_great_slayer_shrine_2	derpy_gg_built_overseers_dwf	building_to_building_own	1.0000	1.0000	0.0000	
wh_main_special_great_temple_of_ulric_1	derpy_gg_built_overseers_emp	building_to_building_own	1.0000	1.0000	0.0000	
wh_main_special_great_temple_of_ulric_2	derpy_gg_built_overseers_emp	building_to_building_own	1.0000	1.0000	0.0000	
wh_main_special_great_temple_of_ulric_3	derpy_gg_built_overseers_emp	building_to_building_own	1.0000	1.0000	0.0000	
wh_main_special_great_temple_of_ulric_4	derpy_gg_built_overseers_emp	building_to_building_own	1.0000	1.0000	0.0000	
wh_main_special_high_king_throne_hall	derpy_gg_built_overseers_dwf	building_to_building_own	1.0000	1.0000	0.0000	
wh_main_special_knights_panther_chapterhouse	derpy_gg_built_overseers_emp	building_to_building_own	1.0000	1.0000	0.0000	
wh_main_special_knights_panther_chapterhouse_stables	derpy_gg_built_overseers_emp	building_to_building_own	1.0000	1.0000	0.0000	
wh_main_special_nuln_cannon_foundry	derpy_gg_built_overseers_emp	building_to_building_own	1.0000	1.0000	0.0000	
wh_main_special_nuln_gunnery_school	derpy_gg_built_overseers_emp	building_to_building_own	1.0000	1.0000	0.0000	
wh_main_special_settlement_altdorf_1_emp	derpy_gg_built_overseers_emp	building_to_building_own	1.0000	1.0000	0.0000	
wh_main_special_settlement_altdorf_2_emp	derpy_gg_built_overseers_emp	building_to_building_own	1.0000	1.0000	0.0000	
wh_main_special_settlement_altdorf_3_emp	derpy_gg_built_overseers_emp	building_to_building_own	1.0000	1.0000	0.0000	
wh_main_special_settlement_altdorf_4_emp	derpy_gg_built_overseers_emp	building_to_building_own	1.0000	1.0000	0.0000	
wh_main_special_settlement_altdorf_5_emp	derpy_gg_built_overseers_emp	building_to_building_own	1.0000	1.0000	0.0000	
wh_main_special_settlement_black_crag_1_dwf	derpy_gg_built_overseers_dwf	building_to_building_own	1.0000	1.0000	0.0000	
wh_main_special_settlement_black_crag_2_dwf	derpy_gg_built_overseers_dwf	building_to_building_own	1.0000	1.0000	0.0000	
wh_main_special_settlement_black_crag_3_dwf	derpy_gg_built_overseers_dwf	building_to_building_own	1.0000	1.0000	0.0000	
wh_main_special_settlement_black_crag_4_dwf	derpy_gg_built_overseers_dwf	building_to_building_own	1.0000	1.0000	0.0000	
wh_main_special_settlement_black_crag_5_dwf	derpy_gg_built_overseers_dwf	building_to_building_own	1.0000	1.0000	0.0000	
wh_main_special_settlement_castle_drakenhof_1_brt	derpy_gg_built_overseers_brt	building_to_building_own	1.0000	1.0000	0.0000	
wh_main_special_settlement_castle_drakenhof_1_emp	derpy_gg_built_overseers_emp	building_to_building_own	1.0000	1.0000	0.0000	
wh_main_special_settlement_castle_drakenhof_2_brt	derpy_gg_built_overseers_brt	building_to_building_own	1.0000	1.0000	0.0000	
wh_main_special_settlement_castle_drakenhof_2_emp	derpy_gg_built_overseers_emp	building_to_building_own	1.0000	1.0000	0.0000	
wh_main_special_settlement_castle_drakenhof_3_brt	derpy_gg_built_overseers_brt	building_to_building_own	1.0000	1.0000	0.0000	
wh_main_special_settlement_castle_drakenhof_3_emp	derpy_gg_built_overseers_emp	building_to_building_own	1.0000	1.0000	0.0000	
wh_main_special_settlement_castle_drakenhof_4_brt	derpy_gg_built_overseers_brt	building_to_building_own	1.0000	1.0000	0.0000	
wh_main_special_settlement_castle_drakenhof_4_emp	derpy_gg_built_overseers_emp	building_to_building_own	1.0000	1.0000	0.0000	
wh_main_special_settlement_castle_drakenhof_5_brt	derpy_gg_built_overseers_brt	building_to_building_own	1.0000	1.0000	0.0000	
wh_main_special_settlement_castle_drakenhof_5_emp	derpy_gg_built_overseers_emp	building_to_building_own	1.0000	1.0000	0.0000	
wh_main_special_settlement_castle_drakenhof_ruin_brt	derpy_gg_built_overseers_brt	building_to_building_own	1.0000	1.0000	0.0000	
wh_main_special_settlement_castle_drakenhof_ruin_emp	derpy_gg_built_overseers_emp	building_to_building_own	1.0000	1.0000	0.0000	
wh_main_special_settlement_couronne_1_brt	derpy_gg_built_overseers_brt	building_to_building_own	1.0000	1.0000	0.0000	
wh_main_special_settlement_couronne_1_emp	derpy_gg_built_overseers_emp	building_to_building_own	1.0000	1.0000	0.0000	
wh_main_special_settlement_couronne_2_brt	derpy_gg_built_overseers_brt	building_to_building_own	1.0000	1.0000	0.0000	
wh_main_special_settlement_couronne_2_emp	derpy_gg_built_overseers_emp	building_to_building_own	1.0000	1.0000	0.0000	
wh_main_special_settlement_couronne_3_brt	derpy_gg_built_overseers_brt	building_to_building_own	1.0000	1.0000	0.0000	
wh_main_special_settlement_couronne_3_emp	derpy_gg_built_overseers_emp	building_to_building_own	1.0000	1.0000	0.0000	
wh_main_special_settlement_couronne_4_brt	derpy_gg_built_overseers_brt	building_to_building_own	1.0000	1.0000	0.0000	
wh_main_special_settlement_couronne_4_emp	derpy_gg_built_overseers_emp	building_to_building_own	1.0000	1.0000	0.0000	
wh_main_special_settlement_couronne_5_brt	derpy_gg_built_overseers_brt	building_to_building_own	1.0000	1.0000	0.0000	
wh_main_special_settlement_couronne_5_emp	derpy_gg_built_overseers_emp	building_to_building_own	1.0000	1.0000	0.0000	
wh_main_special_settlement_couronne_ruin_emp	derpy_gg_built_overseers_emp	building_to_building_own	1.0000	1.0000	0.0000	
wh_main_special_settlement_eight_peaks_1_dwf	derpy_gg_built_overseers_dwf	building_to_building_own	1.0000	1.0000	0.0000	
wh_main_special_settlement_eight_peaks_2_dwf	derpy_gg_built_overseers_dwf	building_to_building_own	1.0000	1.0000	0.0000	
wh_main_special_settlement_eight_peaks_3_dwf	derpy_gg_built_overseers_dwf	building_to_building_own	1.0000	1.0000	0.0000	
wh_main_special_settlement_eight_peaks_4_dwf	derpy_gg_built_overseers_dwf	building_to_building_own	1.0000	1.0000	0.0000	
wh_main_special_settlement_eight_peaks_5_dwf	derpy_gg_built_overseers_dwf	building_to_building_own	1.0000	1.0000	0.0000	
wh_main_special_settlement_karaz_a_karak_1_dwf	derpy_gg_built_overseers_dwf	building_to_building_own	1.0000	1.0000	0.0000	
wh_main_special_settlement_karaz_a_karak_2_dwf	derpy_gg_built_overseers_dwf	building_to_building_own	1.0000	1.0000	0.0000	
wh_main_special_settlement_karaz_a_karak_3_dwf	derpy_gg_built_overseers_dwf	building_to_building_own	1.0000	1.0000	0.0000	
wh_main_special_settlement_karaz_a_karak_4_dwf	derpy_gg_built_overseers_dwf	building_to_building_own	1.0000	1.0000	0.0000	
wh_main_special_settlement_karaz_a_karak_5_dwf	derpy_gg_built_overseers_dwf	building_to_building_own	1.0000	1.0000	0.0000	
wh_main_special_settlement_miragliano_1_brt	derpy_gg_built_overseers_brt	building_to_building_own	1.0000	1.0000	0.0000	
wh_main_special_settlement_miragliano_1_emp	derpy_gg_built_overseers_emp	building_to_building_own	1.0000	1.0000	0.0000	
wh_main_special_settlement_miragliano_1_teb	derpy_gg_built_overseers_emp	building_to_building_own	1.0000	1.0000	0.0000	
wh_main_special_settlement_miragliano_2_brt	derpy_gg_built_overseers_brt	building_to_building_own	1.0000	1.0000	0.0000	
wh_main_special_settlement_miragliano_2_emp	derpy_gg_built_overseers_emp	building_to_building_own	1.0000	1.0000	0.0000	
wh_main_special_settlement_miragliano_2_teb	derpy_gg_built_overseers_emp	building_to_building_own	1.0000	1.0000	0.0000	
wh_main_special_settlement_miragliano_3_brt	derpy_gg_built_overseers_brt	building_to_building_own	1.0000	1.0000	0.0000	
wh_main_special_settlement_miragliano_3_emp	derpy_gg_built_overseers_emp	building_to_building_own	1.0000	1.0000	0.0000	
wh_main_special_settlement_miragliano_3_teb	derpy_gg_built_overseers_emp	building_to_building_own	1.0000	1.0000	0.0000	
wh_main_special_settlement_miragliano_4_brt	derpy_gg_built_overseers_brt	building_to_building_own	1.0000	1.0000	0.0000	
wh_main_special_settlement_miragliano_4_emp	derpy_gg_built_overseers_emp	building_to_building_own	1.0000	1.0000	0.0000	
wh_main_special_settlement_miragliano_4_teb	derpy_gg_built_overseers_emp	building_to_building_own	1.0000	1.0000	0.0000	
wh_main_special_settlement_miragliano_5_brt	derpy_gg_built_overseers_brt	building_to_building_own	1.0000	1.0000	0.0000	
wh_main_special_settlement_miragliano_5_emp	derpy_gg_built_overseers_emp	building_to_building_own	1.0000	1.0000	0.0000	
wh_main_special_settlement_miragliano_5_teb	derpy_gg_built_overseers_emp	building_to_building_own	1.0000	1.0000	0.0000	
wh_main_special_settlement_miragliano_ruin_brt	derpy_gg_built_overseers_brt	building_to_building_own	1.0000	1.0000	0.0000	
wh_main_special_settlement_miragliano_ruin_emp	derpy_gg_built_overseers_emp	building_to_building_own	1.0000	1.0000	0.0000	
wh_main_special_settlement_wei_jin_1	derpy_gg_built_overseers_cth	building_to_building_own	1.0000	1.0000	0.0000	
wh_main_special_settlement_wei_jin_2	derpy_gg_built_overseers_cth	building_to_building_own	1.0000	1.0000	0.0000	
wh_main_special_settlement_wei_jin_3	derpy_gg_built_overseers_cth	building_to_building_own	1.0000	1.0000	0.0000	
wh_main_special_settlement_wei_jin_4	derpy_gg_built_overseers_cth	building_to_building_own	1.0000	1.0000	0.0000	
wh_main_special_settlement_wei_jin_5	derpy_gg_built_overseers_cth	building_to_building_own	1.0000	1.0000	0.0000	
wh_main_special_ubersreik_inn_1	derpy_gg_built_overseers_emp	building_to_building_own	1.0000	1.0000	0.0000	
wh_main_talabec_worship_1	derpy_gg_built_overseers_emp	building_to_building_own	1.0000	1.0000	0.0000	
wh_main_talabec_worship_2	derpy_gg_built_overseers_emp	building_to_building_own	1.0000	1.0000	0.0000	
wh_main_teb_port_1	derpy_gg_built_brass_emp	building_to_building_own	1.0000	1.0000	0.0000	
wh_main_teb_port_2	derpy_gg_built_brass_emp	building_to_building_own	1.0000	1.0000	0.0000	
wh_main_teb_port_3	derpy_gg_built_brass_emp	building_to_building_own	1.0000	1.0000	0.0000	
wh_main_teb_walls_1	derpy_gg_built_immortals_emp	building_to_building_own	1.0000	1.0000	0.0000	
wh_main_teb_walls_2	derpy_gg_built_immortals_emp	building_to_building_own	1.0000	1.0000	0.0000	
wh_main_teb_walls_3	derpy_gg_built_immortals_emp	building_to_building_own	1.0000	1.0000	0.0000	
wh_main_teb_worship_1	derpy_gg_built_overseers_emp	building_to_building_own	1.0000	1.0000	0.0000	
wh_main_teb_worship_2	derpy_gg_built_overseers_emp	building_to_building_own	1.0000	1.0000	0.0000	
wh_twa03_special_albion_port_def_1	derpy_gg_built_brass_def	building_to_building_own	1.0000	1.0000	0.0000	
wh_twa03_special_albion_port_def_2	derpy_gg_built_brass_def	building_to_building_own	1.0000	1.0000	0.0000	
