effect_bundle_key	effect_key	effect_scope	value	advancement_stage
#effect_bundles_to_effects_junctions_tables;3;db/effect_bundles_to_effects_junctions_tables/derpy_great_guilds				
derpy_gg_rank_brass_2	wh_main_effect_economy_gdp_mod_all	faction_to_region_own	3	start_turn_completed
derpy_gg_rank_brass_3	wh_main_effect_economy_gdp_mod_all	faction_to_region_own	6	start_turn_completed
derpy_gg_rank_brass_4	wh_main_effect_economy_gdp_mod_all	faction_to_region_own	10	start_turn_completed
derpy_gg_rank_brass_5	wh_main_effect_economy_gdp_mod_all	faction_to_region_own	15	start_turn_completed
derpy_gg_lead_brass	wh_main_effect_economy_gdp_mod_all	faction_to_region_own	10	start_turn_completed
derpy_gg_rank_immortals_2	wh_main_effect_force_all_campaign_replenishment_rate	faction_to_force_own	3	start_turn_completed
derpy_gg_rank_immortals_3	wh_main_effect_force_all_campaign_replenishment_rate	faction_to_force_own	6	start_turn_completed
derpy_gg_rank_immortals_3	wh_main_effect_force_army_campaign_recruitment_points	faction_to_faction_own	1	start_turn_completed
derpy_gg_rank_immortals_4	wh_main_effect_force_all_campaign_replenishment_rate	faction_to_force_own	10	start_turn_completed
derpy_gg_rank_immortals_4	wh_main_effect_force_army_campaign_recruitment_points	faction_to_faction_own	2	start_turn_completed
derpy_gg_rank_immortals_5	wh_main_effect_force_all_campaign_replenishment_rate	faction_to_force_own	15	start_turn_completed
derpy_gg_rank_immortals_5	wh_main_effect_force_army_campaign_recruitment_points	faction_to_faction_own	3	start_turn_completed
derpy_gg_lead_immortals	wh_main_effect_force_all_campaign_replenishment_rate	faction_to_force_own	10	start_turn_completed
derpy_gg_rank_daemonsmiths_2	wh_main_effect_technology_research_rate_mod	faction_to_faction_own	3	start_turn_completed
derpy_gg_rank_daemonsmiths_3	wh_main_effect_technology_research_rate_mod	faction_to_faction_own	6	start_turn_completed
derpy_gg_rank_daemonsmiths_4	wh_main_effect_technology_research_rate_mod	faction_to_faction_own	10	start_turn_completed
derpy_gg_rank_daemonsmiths_5	wh_main_effect_technology_research_rate_mod	faction_to_faction_own	15	start_turn_completed
derpy_gg_lead_daemonsmiths	wh_main_effect_technology_research_rate_mod	faction_to_faction_own	10	start_turn_completed
derpy_gg_rank_khanate_2	wh_main_effect_agent_recruitment_cost_mod	faction_to_province_own	-3	start_turn_completed
derpy_gg_rank_khanate_3	wh_main_effect_agent_recruitment_cost_mod	faction_to_province_own	-6	start_turn_completed
derpy_gg_rank_khanate_4	wh_main_effect_agent_recruitment_cost_mod	faction_to_province_own	-10	start_turn_completed
derpy_gg_rank_khanate_5	wh_main_effect_agent_recruitment_cost_mod	faction_to_province_own	-15	start_turn_completed
derpy_gg_lead_khanate	wh_main_effect_agent_recruitment_cost_mod	faction_to_province_own	-10	start_turn_completed
derpy_gg_rank_overseers_2	wh2_dlc11_effect_building_construction_cost_mod_all_settlement	faction_to_region_own	-3	start_turn_completed
derpy_gg_rank_overseers_3	wh2_dlc11_effect_building_construction_cost_mod_all_settlement	faction_to_region_own	-6	start_turn_completed
derpy_gg_rank_overseers_4	wh2_dlc11_effect_building_construction_cost_mod_all_settlement	faction_to_region_own	-10	start_turn_completed
derpy_gg_rank_overseers_5	wh2_dlc11_effect_building_construction_cost_mod_all_settlement	faction_to_region_own	-15	start_turn_completed
derpy_gg_lead_overseers	wh2_dlc11_effect_building_construction_cost_mod_all_settlement	faction_to_region_own	-10	start_turn_completed
derpy_gg_rank_slavers_2	wh_main_effect_force_all_campaign_sacking_income	faction_to_faction_own	3	start_turn_completed
derpy_gg_rank_slavers_3	wh_main_effect_force_all_campaign_sacking_income	faction_to_faction_own	6	start_turn_completed
derpy_gg_rank_slavers_4	wh_main_effect_force_all_campaign_sacking_income	faction_to_faction_own	10	start_turn_completed
derpy_gg_rank_slavers_5	wh_main_effect_force_all_campaign_sacking_income	faction_to_faction_own	15	start_turn_completed
derpy_gg_lead_slavers	wh_main_effect_force_all_campaign_sacking_income	faction_to_faction_own	10	start_turn_completed
derpy_gg_rank_temple_2	wh3_main_effect_winds_of_magic_pool_cap	faction_to_force_own	3	start_turn_completed
derpy_gg_rank_temple_3	wh3_main_effect_winds_of_magic_pool_cap	faction_to_force_own	6	start_turn_completed
derpy_gg_rank_temple_4	wh3_main_effect_winds_of_magic_pool_cap	faction_to_force_own	10	start_turn_completed
derpy_gg_rank_temple_5	wh3_main_effect_winds_of_magic_pool_cap	faction_to_force_own	15	start_turn_completed
derpy_gg_lead_temple	wh3_main_effect_winds_of_magic_pool_cap	faction_to_force_own	10	start_turn_completed
derpy_gg_patron	wh_main_effect_force_all_campaign_replenishment_rate	force_to_force_own	10	start_turn_completed
derpy_gg_patron	wh_main_effect_force_all_campaign_movement_range	force_to_force_own	10	start_turn_completed
derpy_gg_svc_writ_monopoly	wh_main_effect_economy_gdp_mod_all	faction_to_region_own	32	start_turn_completed
derpy_gg_svc_long_ledger	wh_main_effect_economy_gdp_mod_all	faction_to_region_own	45	start_turn_completed
derpy_gg_svc_oathbound_draft	wh_main_effect_force_all_campaign_replenishment_rate	faction_to_force_own	20	start_turn_completed
derpy_gg_svc_astragoths_levy	wh_main_effect_force_all_campaign_replenishment_rate	faction_to_force_own	45	start_turn_completed
derpy_gg_svc_forge_rite	wh_main_effect_technology_research_rate_mod	faction_to_faction_own	20	start_turn_completed
derpy_gg_svc_bound_ordnance	wh_main_effect_technology_research_rate_mod	faction_to_faction_own	45	start_turn_completed
derpy_gg_svc_knife_in_dark	wh_main_effect_agent_recruitment_cost_mod	faction_to_province_own	-32	start_turn_completed
derpy_gg_svc_khans_price	wh_main_effect_agent_recruitment_cost_mod	faction_to_province_own	45	start_turn_completed
derpy_gg_svc_lash_the_gangs	wh2_dlc11_effect_building_construction_cost_mod_all_settlement	faction_to_region_own	-20	start_turn_completed
derpy_gg_svc_works_of_zharr	wh2_dlc11_effect_building_construction_cost_mod_all_settlement	faction_to_region_own	-45	start_turn_completed
derpy_gg_svc_coffle_drive	wh_main_effect_force_all_campaign_sacking_income	faction_to_faction_own	20	start_turn_completed
derpy_gg_svc_great_coffle	wh_main_effect_force_all_campaign_sacking_income	faction_to_faction_own	45	start_turn_completed
derpy_gg_svc_alms_and_bribes	wh3_main_effect_corruption_chaos_events	faction_to_province_own	5	start_turn_completed
derpy_gg_svc_mercenary_contract	wh_main_effect_force_all_campaign_recruitment_cost_all	faction_to_force_own	-15	start_turn_completed
derpy_gg_svc_guild_loan	wh_main_effect_economy_gdp_mod_all	faction_to_region_own	-10	start_turn_completed
derpy_gg_svc_industry_charter	wh_dlc07_effect_economy_gdp_mod_industry	faction_to_region_own	20	start_turn_completed
derpy_gg_svc_treasury_seal	wh_main_effect_force_all_campaign_upkeep	faction_to_force_own	-20	start_turn_completed
derpy_gg_svc_bought_peace	wh_main_effect_public_order_events	faction_to_province_own	3	start_turn_completed
derpy_gg_svc_forced_march	wh_main_effect_force_all_campaign_movement_range	force_to_force_own	20	start_turn_completed
derpy_gg_svc_drillmasters	wh_main_effect_force_all_campaign_experience_base_all	faction_to_force_own	1	start_turn_completed
derpy_gg_svc_battle_standard	wh_main_effect_force_stat_leadership	force_to_force_own	8	start_turn_completed
derpy_gg_svc_field_surgeons	wh_main_effect_force_all_campaign_replenishment_rate	force_to_force_own	30	start_turn_completed
derpy_gg_svc_veteran_cadre	wh_main_effect_force_all_campaign_experience_base_all	faction_to_force_own	3	start_turn_completed
derpy_gg_svc_ward_runes	wh_main_effect_force_stat_ward_save	force_to_force_own	10	start_turn_completed
derpy_gg_svc_spirit_siphon	wh3_main_effect_winds_of_magic_events	faction_to_force_own	5	start_turn_completed
derpy_gg_svc_forged_arms	wh_main_effect_force_stat_weapon_strength	faction_to_force_own	10	start_turn_completed
derpy_gg_svc_master_gunners	wh3_dlc23_effect_force_stat_missile_strength_chd_artillery	faction_to_force_own	20	start_turn_completed
derpy_gg_svc_great_work	wh_main_effect_technology_research_rate_mod	faction_to_faction_own	30	start_turn_completed
derpy_gg_svc_arsenal	wh_main_effect_force_stat_missile_damage	faction_to_force_own	15	start_turn_completed
derpy_gg_svc_bribed_guards	wh_main_effect_agent_action_success_chance	faction_to_character_own	15	start_turn_completed
derpy_gg_svc_blooded_agents	wh_main_effect_agent_recruitment_xp_all_agents	faction_to_province_own	2	start_turn_completed
derpy_gg_svc_sow_discord	wh_main_effect_public_order_events	region_to_province_own_unseen	-8	start_turn_completed
derpy_gg_svc_web_of_whispers	wh2_main_effect_agent_cap_increase_all_heroes	faction_to_faction_own_unseen	1	start_turn_completed
derpy_gg_svc_poisoned_wells	wh_main_effect_province_growth_events	region_to_province_own	-25	start_turn_completed
derpy_gg_svc_poisoned_wells	wh_main_effect_force_all_campaign_replenishment_rate	region_to_force_own	-25	start_turn_completed
derpy_gg_svc_granaries	wh_main_effect_province_growth_events	region_to_province_own	25	start_turn_completed
derpy_gg_svc_road_gangs	wh_main_effect_force_all_campaign_movement_range	faction_to_force_own	10	start_turn_completed
derpy_gg_svc_enforcers	wh_main_effect_public_order_events	region_to_province_own_unseen	6	start_turn_completed
derpy_gg_svc_fortify	wh_main_effect_force_stat_melee_defence	region_to_force_own	10	start_turn_completed
derpy_gg_svc_fortify	wh_main_effect_force_army_campaign_siege_defend_attrition	region_to_force_own	-20	start_turn_completed
derpy_gg_svc_master_builders	wh3_main_effect_building_construction_time_add_mod_all	faction_to_region_own	-1	start_turn_completed
derpy_gg_svc_public_works	wh_main_effect_public_order_events	faction_to_province_own	4	start_turn_completed
derpy_gg_svc_public_works	wh_main_effect_province_growth_events	faction_to_province_own	30	start_turn_completed
derpy_gg_svc_raiding_parties	wh_main_effect_force_all_campaign_raid_income	faction_to_force_own	50	start_turn_completed
derpy_gg_svc_captive_markets	wh_main_effect_force_all_campaign_post_battle_loot_mod	faction_to_faction_own	20	start_turn_completed
derpy_gg_svc_slave_levy	wh_main_effect_unit_recruitment_points	faction_to_province_own	1	start_turn_completed
derpy_gg_svc_pit_fights	wh3_dlc20_effect_xp_gain_all_units	faction_to_force_own	25	start_turn_completed
derpy_gg_svc_great_hunt	wh_main_effect_force_all_campaign_movement_range	faction_to_force_own	15	start_turn_completed
derpy_gg_svc_great_hunt	wh_main_effect_force_all_campaign_raid_income	faction_to_force_own	50	start_turn_completed
derpy_gg_svc_scorched_earth	wh_main_effect_economy_gdp_mod_all	region_to_region_own	-25	start_turn_completed
derpy_gg_svc_hashut_blessing	wh_main_effect_force_stat_physical_resistance	force_to_force_own	10	start_turn_completed
derpy_gg_svc_forge_sermons	wh_main_effect_public_order_events	region_to_province_own_unseen	4	start_turn_completed
derpy_gg_svc_zeal	wh_main_effect_force_stat_melee_attack	force_to_force_own	6	start_turn_completed
derpy_gg_svc_zeal	wh_main_effect_force_stat_charge_bonus_pct	force_to_force_own	10	start_turn_completed
derpy_gg_svc_purge_unclean	wh_main_effect_public_order_events	region_to_province_own_unseen	6	start_turn_completed
derpy_gg_svc_anathema	wh_main_effect_public_order_events	region_to_province_own_unseen	-6	start_turn_completed
derpy_gg_svc_holy_war	wh3_main_effect_winds_of_magic_events	faction_to_force_own	5	start_turn_completed
derpy_gg_svc_holy_war	wh_main_effect_force_stat_leadership	faction_to_force_own	6	start_turn_completed
derpy_gg_svc_miracle	wh_main_effect_force_stat_leadership	force_to_force_own	10	start_turn_completed
derpy_gg_svc_consecration	wh_main_effect_public_order_events	faction_to_province_own	4	start_turn_completed
derpy_gg_rank_brass_2_emp	wh_main_effect_economy_gdp_mod_all	faction_to_region_own	3	start_turn_completed
derpy_gg_rank_brass_3_emp	wh_main_effect_economy_gdp_mod_all	faction_to_region_own	6	start_turn_completed
derpy_gg_rank_brass_4_emp	wh_main_effect_economy_gdp_mod_all	faction_to_region_own	10	start_turn_completed
derpy_gg_rank_brass_5_emp	wh_main_effect_economy_gdp_mod_all	faction_to_region_own	15	start_turn_completed
derpy_gg_lead_brass_emp	wh_main_effect_economy_gdp_mod_all	faction_to_region_own	10	start_turn_completed
derpy_gg_rank_immortals_2_emp	wh_main_effect_force_all_campaign_replenishment_rate	faction_to_force_own	3	start_turn_completed
derpy_gg_rank_immortals_3_emp	wh_main_effect_force_all_campaign_replenishment_rate	faction_to_force_own	6	start_turn_completed
derpy_gg_rank_immortals_3_emp	wh_main_effect_force_army_campaign_recruitment_points	faction_to_faction_own	1	start_turn_completed
derpy_gg_rank_immortals_4_emp	wh_main_effect_force_all_campaign_replenishment_rate	faction_to_force_own	10	start_turn_completed
derpy_gg_rank_immortals_4_emp	wh_main_effect_force_army_campaign_recruitment_points	faction_to_faction_own	2	start_turn_completed
derpy_gg_rank_immortals_5_emp	wh_main_effect_force_all_campaign_replenishment_rate	faction_to_force_own	15	start_turn_completed
derpy_gg_rank_immortals_5_emp	wh_main_effect_force_army_campaign_recruitment_points	faction_to_faction_own	3	start_turn_completed
derpy_gg_lead_immortals_emp	wh_main_effect_force_all_campaign_replenishment_rate	faction_to_force_own	10	start_turn_completed
derpy_gg_rank_daemonsmiths_2_emp	wh_main_effect_technology_research_rate_mod	faction_to_faction_own	3	start_turn_completed
derpy_gg_rank_daemonsmiths_3_emp	wh_main_effect_technology_research_rate_mod	faction_to_faction_own	6	start_turn_completed
derpy_gg_rank_daemonsmiths_4_emp	wh_main_effect_technology_research_rate_mod	faction_to_faction_own	10	start_turn_completed
derpy_gg_rank_daemonsmiths_5_emp	wh_main_effect_technology_research_rate_mod	faction_to_faction_own	15	start_turn_completed
derpy_gg_lead_daemonsmiths_emp	wh_main_effect_technology_research_rate_mod	faction_to_faction_own	10	start_turn_completed
derpy_gg_rank_khanate_2_emp	wh_main_effect_agent_recruitment_cost_mod	faction_to_province_own	-3	start_turn_completed
derpy_gg_rank_khanate_3_emp	wh_main_effect_agent_recruitment_cost_mod	faction_to_province_own	-6	start_turn_completed
derpy_gg_rank_khanate_4_emp	wh_main_effect_agent_recruitment_cost_mod	faction_to_province_own	-10	start_turn_completed
derpy_gg_rank_khanate_5_emp	wh_main_effect_agent_recruitment_cost_mod	faction_to_province_own	-15	start_turn_completed
derpy_gg_lead_khanate_emp	wh_main_effect_agent_recruitment_cost_mod	faction_to_province_own	-10	start_turn_completed
derpy_gg_rank_overseers_2_emp	wh2_dlc11_effect_building_construction_cost_mod_all_settlement	faction_to_region_own	-3	start_turn_completed
derpy_gg_rank_overseers_3_emp	wh2_dlc11_effect_building_construction_cost_mod_all_settlement	faction_to_region_own	-6	start_turn_completed
derpy_gg_rank_overseers_4_emp	wh2_dlc11_effect_building_construction_cost_mod_all_settlement	faction_to_region_own	-10	start_turn_completed
derpy_gg_rank_overseers_5_emp	wh2_dlc11_effect_building_construction_cost_mod_all_settlement	faction_to_region_own	-15	start_turn_completed
derpy_gg_lead_overseers_emp	wh2_dlc11_effect_building_construction_cost_mod_all_settlement	faction_to_region_own	-10	start_turn_completed
derpy_gg_rank_slavers_2_emp	wh_main_effect_force_all_campaign_sacking_income	faction_to_faction_own	3	start_turn_completed
derpy_gg_rank_slavers_3_emp	wh_main_effect_force_all_campaign_sacking_income	faction_to_faction_own	6	start_turn_completed
derpy_gg_rank_slavers_4_emp	wh_main_effect_force_all_campaign_sacking_income	faction_to_faction_own	10	start_turn_completed
derpy_gg_rank_slavers_5_emp	wh_main_effect_force_all_campaign_sacking_income	faction_to_faction_own	15	start_turn_completed
derpy_gg_lead_slavers_emp	wh_main_effect_force_all_campaign_sacking_income	faction_to_faction_own	10	start_turn_completed
derpy_gg_rank_temple_2_emp	wh3_main_effect_winds_of_magic_pool_cap	faction_to_force_own	3	start_turn_completed
derpy_gg_rank_temple_3_emp	wh3_main_effect_winds_of_magic_pool_cap	faction_to_force_own	6	start_turn_completed
derpy_gg_rank_temple_4_emp	wh3_main_effect_winds_of_magic_pool_cap	faction_to_force_own	10	start_turn_completed
derpy_gg_rank_temple_5_emp	wh3_main_effect_winds_of_magic_pool_cap	faction_to_force_own	15	start_turn_completed
derpy_gg_lead_temple_emp	wh3_main_effect_winds_of_magic_pool_cap	faction_to_force_own	10	start_turn_completed
derpy_gg_svc_writ_monopoly_emp	wh_main_effect_economy_gdp_mod_all	faction_to_region_own	32	start_turn_completed
derpy_gg_svc_long_ledger_emp	wh_main_effect_economy_gdp_mod_all	faction_to_region_own	45	start_turn_completed
derpy_gg_svc_oathbound_draft_emp	wh_main_effect_force_all_campaign_replenishment_rate	faction_to_force_own	20	start_turn_completed
derpy_gg_svc_astragoths_levy_emp	wh_main_effect_force_all_campaign_replenishment_rate	faction_to_force_own	45	start_turn_completed
derpy_gg_svc_forge_rite_emp	wh_main_effect_technology_research_rate_mod	faction_to_faction_own	20	start_turn_completed
derpy_gg_svc_bound_ordnance_emp	wh_main_effect_technology_research_rate_mod	faction_to_faction_own	45	start_turn_completed
derpy_gg_svc_knife_in_dark_emp	wh_main_effect_agent_recruitment_cost_mod	faction_to_province_own	-32	start_turn_completed
derpy_gg_svc_khans_price_emp	wh_main_effect_agent_recruitment_cost_mod	faction_to_province_own	45	start_turn_completed
derpy_gg_svc_lash_the_gangs_emp	wh2_dlc11_effect_building_construction_cost_mod_all_settlement	faction_to_region_own	-20	start_turn_completed
derpy_gg_svc_works_of_zharr_emp	wh2_dlc11_effect_building_construction_cost_mod_all_settlement	faction_to_region_own	-45	start_turn_completed
derpy_gg_svc_coffle_drive_emp	wh_main_effect_force_all_campaign_sacking_income	faction_to_faction_own	20	start_turn_completed
derpy_gg_svc_great_coffle_emp	wh_main_effect_force_all_campaign_sacking_income	faction_to_faction_own	45	start_turn_completed
derpy_gg_svc_alms_and_bribes_emp	wh3_main_effect_corruption_reduction_events	faction_to_province_own	-5	start_turn_completed
derpy_gg_svc_mercenary_contract_emp	wh_main_effect_force_all_campaign_recruitment_cost_all	faction_to_force_own	-15	start_turn_completed
derpy_gg_svc_guild_loan_emp	wh_main_effect_economy_gdp_mod_all	faction_to_region_own	-10	start_turn_completed
derpy_gg_svc_industry_charter_emp	wh_dlc07_effect_economy_gdp_mod_industry	faction_to_region_own	20	start_turn_completed
derpy_gg_svc_treasury_seal_emp	wh_main_effect_force_all_campaign_upkeep	faction_to_force_own	-20	start_turn_completed
derpy_gg_svc_bought_peace_emp	wh_main_effect_public_order_events	faction_to_province_own	3	start_turn_completed
derpy_gg_svc_forced_march_emp	wh_main_effect_force_all_campaign_movement_range	force_to_force_own	20	start_turn_completed
derpy_gg_svc_drillmasters_emp	wh_main_effect_force_all_campaign_experience_base_all	faction_to_force_own	1	start_turn_completed
derpy_gg_svc_battle_standard_emp	wh_main_effect_force_stat_leadership	force_to_force_own	8	start_turn_completed
derpy_gg_svc_field_surgeons_emp	wh_main_effect_force_all_campaign_replenishment_rate	force_to_force_own	30	start_turn_completed
derpy_gg_svc_veteran_cadre_emp	wh_main_effect_force_all_campaign_experience_base_all	faction_to_force_own	3	start_turn_completed
derpy_gg_svc_ward_runes_emp	wh_main_effect_force_stat_ward_save	force_to_force_own	10	start_turn_completed
derpy_gg_svc_spirit_siphon_emp	wh_main_effect_force_stat_physical_resistance	faction_to_force_own	5	start_turn_completed
derpy_gg_svc_forged_arms_emp	wh_main_effect_force_stat_weapon_strength	faction_to_force_own	10	start_turn_completed
derpy_gg_svc_master_gunners_emp	wh_main_effect_force_stat_missile_damage_artillery	faction_to_force_own	20	start_turn_completed
derpy_gg_svc_great_work_emp	wh_main_effect_technology_research_rate_mod	faction_to_faction_own	30	start_turn_completed
derpy_gg_svc_arsenal_emp	wh_main_effect_force_stat_missile_damage	faction_to_force_own	15	start_turn_completed
derpy_gg_svc_bribed_guards_emp	wh_main_effect_agent_action_success_chance	faction_to_character_own	15	start_turn_completed
derpy_gg_svc_blooded_agents_emp	wh_main_effect_agent_recruitment_xp_all_agents	faction_to_province_own	2	start_turn_completed
derpy_gg_svc_sow_discord_emp	wh_main_effect_public_order_events	region_to_province_own_unseen	-8	start_turn_completed
derpy_gg_svc_web_of_whispers_emp	wh2_main_effect_agent_cap_increase_all_heroes	faction_to_faction_own_unseen	1	start_turn_completed
derpy_gg_svc_poisoned_wells_emp	wh_main_effect_province_growth_events	region_to_province_own	-25	start_turn_completed
derpy_gg_svc_poisoned_wells_emp	wh_main_effect_force_all_campaign_replenishment_rate	region_to_force_own	-25	start_turn_completed
derpy_gg_svc_granaries_emp	wh_main_effect_province_growth_events	region_to_province_own	25	start_turn_completed
derpy_gg_svc_road_gangs_emp	wh_main_effect_force_all_campaign_movement_range	faction_to_force_own	10	start_turn_completed
derpy_gg_svc_enforcers_emp	wh_main_effect_public_order_events	region_to_province_own_unseen	6	start_turn_completed
derpy_gg_svc_fortify_emp	wh_main_effect_force_stat_melee_defence	region_to_force_own	10	start_turn_completed
derpy_gg_svc_fortify_emp	wh_main_effect_force_army_campaign_siege_defend_attrition	region_to_force_own	-20	start_turn_completed
derpy_gg_svc_master_builders_emp	wh3_main_effect_building_construction_time_add_mod_all	faction_to_region_own	-1	start_turn_completed
derpy_gg_svc_public_works_emp	wh_main_effect_public_order_events	faction_to_province_own	4	start_turn_completed
derpy_gg_svc_public_works_emp	wh_main_effect_province_growth_events	faction_to_province_own	30	start_turn_completed
derpy_gg_svc_raiding_parties_emp	wh_main_effect_force_all_campaign_raid_income	faction_to_force_own	50	start_turn_completed
derpy_gg_svc_captive_markets_emp	wh_main_effect_force_all_campaign_post_battle_loot_mod	faction_to_faction_own	20	start_turn_completed
derpy_gg_svc_slave_levy_emp	wh_main_effect_unit_recruitment_points	faction_to_province_own	1	start_turn_completed
derpy_gg_svc_pit_fights_emp	wh3_dlc20_effect_xp_gain_all_units	faction_to_force_own	25	start_turn_completed
derpy_gg_svc_great_hunt_emp	wh_main_effect_force_all_campaign_movement_range	faction_to_force_own	15	start_turn_completed
derpy_gg_svc_great_hunt_emp	wh_main_effect_force_all_campaign_raid_income	faction_to_force_own	50	start_turn_completed
derpy_gg_svc_scorched_earth_emp	wh_main_effect_economy_gdp_mod_all	region_to_region_own	-25	start_turn_completed
derpy_gg_svc_witch_hunters_warrant_emp	wh_main_effect_public_order_events	region_to_province_own_unseen	8	start_turn_completed
derpy_gg_svc_witch_hunters_warrant_emp	wh3_main_effect_corruption_reduction_events	region_to_province_own_unseen	-5	start_turn_completed
derpy_gg_svc_unity_of_empire_emp	wh_main_faction_political_diplomacy_mod_empire	faction_to_faction_own	30	start_turn_completed
derpy_gg_svc_hashut_blessing_emp	wh_main_effect_force_stat_magic_resistance	force_to_force_own	15	start_turn_completed
derpy_gg_svc_forge_sermons_emp	wh_main_effect_public_order_events	region_to_province_own_unseen	4	start_turn_completed
derpy_gg_svc_zeal_emp	wh2_dlc14_effect_magic_cost_all_lores_percentage	force_to_force_own	-20	start_turn_completed
derpy_gg_svc_purge_unclean_emp	wh3_main_effect_corruption_reduction_events	region_to_province_own_unseen	-6	start_turn_completed
derpy_gg_svc_anathema_emp	wh_main_effect_public_order_events	region_to_province_own_unseen	-6	start_turn_completed
derpy_gg_svc_holy_war_emp	wh3_main_effect_winds_of_magic_events	faction_to_force_own	5	start_turn_completed
derpy_gg_svc_holy_war_emp	wh2_dlc14_effect_magic_cost_all_lores_percentage	faction_to_force_own	-10	start_turn_completed
derpy_gg_svc_miracle_emp	wh_main_effect_force_stat_leadership	force_to_force_own	10	start_turn_completed
derpy_gg_svc_consecration_emp	wh_main_effect_public_order_events	faction_to_province_own	4	start_turn_completed
derpy_gg_svc_consecration_emp	wh3_main_effect_corruption_reduction_events	faction_to_province_own	-3	start_turn_completed
derpy_gg_rank_brass_2_dwf	wh_main_effect_economy_gdp_mod_all	faction_to_region_own	3	start_turn_completed
derpy_gg_rank_brass_3_dwf	wh_main_effect_economy_gdp_mod_all	faction_to_region_own	6	start_turn_completed
derpy_gg_rank_brass_4_dwf	wh_main_effect_economy_gdp_mod_all	faction_to_region_own	10	start_turn_completed
derpy_gg_rank_brass_5_dwf	wh_main_effect_economy_gdp_mod_all	faction_to_region_own	15	start_turn_completed
derpy_gg_lead_brass_dwf	wh_main_effect_economy_gdp_mod_all	faction_to_region_own	10	start_turn_completed
derpy_gg_rank_immortals_2_dwf	wh_main_effect_force_all_campaign_replenishment_rate	faction_to_force_own	3	start_turn_completed
derpy_gg_rank_immortals_3_dwf	wh_main_effect_force_all_campaign_replenishment_rate	faction_to_force_own	6	start_turn_completed
derpy_gg_rank_immortals_3_dwf	wh_main_effect_force_army_campaign_recruitment_points	faction_to_faction_own	1	start_turn_completed
derpy_gg_rank_immortals_4_dwf	wh_main_effect_force_all_campaign_replenishment_rate	faction_to_force_own	10	start_turn_completed
derpy_gg_rank_immortals_4_dwf	wh_main_effect_force_army_campaign_recruitment_points	faction_to_faction_own	2	start_turn_completed
derpy_gg_rank_immortals_5_dwf	wh_main_effect_force_all_campaign_replenishment_rate	faction_to_force_own	15	start_turn_completed
derpy_gg_rank_immortals_5_dwf	wh_main_effect_force_army_campaign_recruitment_points	faction_to_faction_own	3	start_turn_completed
derpy_gg_lead_immortals_dwf	wh_main_effect_force_all_campaign_replenishment_rate	faction_to_force_own	10	start_turn_completed
derpy_gg_rank_daemonsmiths_2_dwf	wh_main_effect_technology_research_rate_mod	faction_to_faction_own	3	start_turn_completed
derpy_gg_rank_daemonsmiths_3_dwf	wh_main_effect_technology_research_rate_mod	faction_to_faction_own	6	start_turn_completed
derpy_gg_rank_daemonsmiths_4_dwf	wh_main_effect_technology_research_rate_mod	faction_to_faction_own	10	start_turn_completed
derpy_gg_rank_daemonsmiths_5_dwf	wh_main_effect_technology_research_rate_mod	faction_to_faction_own	15	start_turn_completed
derpy_gg_lead_daemonsmiths_dwf	wh_main_effect_technology_research_rate_mod	faction_to_faction_own	10	start_turn_completed
derpy_gg_rank_khanate_2_dwf	wh_main_effect_agent_recruitment_cost_mod	faction_to_province_own	-3	start_turn_completed
derpy_gg_rank_khanate_3_dwf	wh_main_effect_agent_recruitment_cost_mod	faction_to_province_own	-6	start_turn_completed
derpy_gg_rank_khanate_4_dwf	wh_main_effect_agent_recruitment_cost_mod	faction_to_province_own	-10	start_turn_completed
derpy_gg_rank_khanate_5_dwf	wh_main_effect_agent_recruitment_cost_mod	faction_to_province_own	-15	start_turn_completed
derpy_gg_lead_khanate_dwf	wh_main_effect_agent_recruitment_cost_mod	faction_to_province_own	-10	start_turn_completed
derpy_gg_rank_overseers_2_dwf	wh2_dlc11_effect_building_construction_cost_mod_all_settlement	faction_to_region_own	-3	start_turn_completed
derpy_gg_rank_overseers_3_dwf	wh2_dlc11_effect_building_construction_cost_mod_all_settlement	faction_to_region_own	-6	start_turn_completed
derpy_gg_rank_overseers_4_dwf	wh2_dlc11_effect_building_construction_cost_mod_all_settlement	faction_to_region_own	-10	start_turn_completed
derpy_gg_rank_overseers_5_dwf	wh2_dlc11_effect_building_construction_cost_mod_all_settlement	faction_to_region_own	-15	start_turn_completed
derpy_gg_lead_overseers_dwf	wh2_dlc11_effect_building_construction_cost_mod_all_settlement	faction_to_region_own	-10	start_turn_completed
derpy_gg_rank_slavers_2_dwf	wh_main_effect_force_all_campaign_sacking_income	faction_to_faction_own	3	start_turn_completed
derpy_gg_rank_slavers_3_dwf	wh_main_effect_force_all_campaign_sacking_income	faction_to_faction_own	6	start_turn_completed
derpy_gg_rank_slavers_4_dwf	wh_main_effect_force_all_campaign_sacking_income	faction_to_faction_own	10	start_turn_completed
derpy_gg_rank_slavers_5_dwf	wh_main_effect_force_all_campaign_sacking_income	faction_to_faction_own	15	start_turn_completed
derpy_gg_lead_slavers_dwf	wh_main_effect_force_all_campaign_sacking_income	faction_to_faction_own	10	start_turn_completed
derpy_gg_rank_temple_2_dwf	wh_main_effect_force_stat_magic_resistance	faction_to_force_own	3	start_turn_completed
derpy_gg_rank_temple_3_dwf	wh_main_effect_force_stat_magic_resistance	faction_to_force_own	6	start_turn_completed
derpy_gg_rank_temple_4_dwf	wh_main_effect_force_stat_magic_resistance	faction_to_force_own	10	start_turn_completed
derpy_gg_rank_temple_5_dwf	wh_main_effect_force_stat_magic_resistance	faction_to_force_own	15	start_turn_completed
derpy_gg_lead_temple_dwf	wh_main_effect_force_stat_magic_resistance	faction_to_force_own	10	start_turn_completed
derpy_gg_svc_writ_monopoly_dwf	wh_main_effect_economy_gdp_mod_all	faction_to_region_own	32	start_turn_completed
derpy_gg_svc_long_ledger_dwf	wh_main_effect_economy_gdp_mod_all	faction_to_region_own	45	start_turn_completed
derpy_gg_svc_oathbound_draft_dwf	wh_main_effect_force_all_campaign_replenishment_rate	faction_to_force_own	20	start_turn_completed
derpy_gg_svc_astragoths_levy_dwf	wh_main_effect_force_all_campaign_replenishment_rate	faction_to_force_own	45	start_turn_completed
derpy_gg_svc_forge_rite_dwf	wh_main_effect_technology_research_rate_mod	faction_to_faction_own	20	start_turn_completed
derpy_gg_svc_bound_ordnance_dwf	wh_main_effect_technology_research_rate_mod	faction_to_faction_own	45	start_turn_completed
derpy_gg_svc_knife_in_dark_dwf	wh_main_effect_agent_recruitment_cost_mod	faction_to_province_own	-32	start_turn_completed
derpy_gg_svc_khans_price_dwf	wh_main_effect_agent_recruitment_cost_mod	faction_to_province_own	45	start_turn_completed
derpy_gg_svc_lash_the_gangs_dwf	wh2_dlc11_effect_building_construction_cost_mod_all_settlement	faction_to_region_own	-20	start_turn_completed
derpy_gg_svc_works_of_zharr_dwf	wh2_dlc11_effect_building_construction_cost_mod_all_settlement	faction_to_region_own	-45	start_turn_completed
derpy_gg_svc_coffle_drive_dwf	wh_main_effect_force_all_campaign_sacking_income	faction_to_faction_own	20	start_turn_completed
derpy_gg_svc_great_coffle_dwf	wh_main_effect_force_all_campaign_sacking_income	faction_to_faction_own	45	start_turn_completed
derpy_gg_svc_alms_and_bribes_dwf	wh3_main_effect_corruption_reduction_events	faction_to_province_own	-5	start_turn_completed
derpy_gg_svc_mercenary_contract_dwf	wh_main_effect_force_all_campaign_recruitment_cost_all	faction_to_force_own	-15	start_turn_completed
derpy_gg_svc_guild_loan_dwf	wh_main_effect_economy_gdp_mod_all	faction_to_region_own	-10	start_turn_completed
derpy_gg_svc_industry_charter_dwf	wh_dlc07_effect_economy_gdp_mod_industry	faction_to_region_own	20	start_turn_completed
derpy_gg_svc_treasury_seal_dwf	wh_main_effect_force_all_campaign_upkeep	faction_to_force_own	-20	start_turn_completed
derpy_gg_svc_bought_peace_dwf	wh_main_effect_public_order_events	faction_to_province_own	3	start_turn_completed
derpy_gg_svc_forced_march_dwf	wh_main_effect_force_all_campaign_movement_range	force_to_force_own	20	start_turn_completed
derpy_gg_svc_drillmasters_dwf	wh_main_effect_force_all_campaign_experience_base_all	faction_to_force_own	1	start_turn_completed
derpy_gg_svc_battle_standard_dwf	wh_main_effect_force_stat_leadership	force_to_force_own	8	start_turn_completed
derpy_gg_svc_field_surgeons_dwf	wh_main_effect_force_all_campaign_replenishment_rate	force_to_force_own	30	start_turn_completed
derpy_gg_svc_veteran_cadre_dwf	wh_main_effect_force_all_campaign_experience_base_all	faction_to_force_own	3	start_turn_completed
derpy_gg_svc_ward_runes_dwf	wh_main_effect_force_stat_ward_save	force_to_force_own	10	start_turn_completed
derpy_gg_svc_spirit_siphon_dwf	wh_main_effect_force_stat_magic_resistance	faction_to_force_own	10	start_turn_completed
derpy_gg_svc_forged_arms_dwf	wh_main_effect_force_stat_weapon_strength	faction_to_force_own	10	start_turn_completed
derpy_gg_svc_master_gunners_dwf	wh_main_effect_force_stat_missile_damage_artillery	faction_to_force_own	20	start_turn_completed
derpy_gg_svc_great_work_dwf	wh_main_effect_technology_research_rate_mod	faction_to_faction_own	30	start_turn_completed
derpy_gg_svc_arsenal_dwf	wh_main_effect_force_stat_missile_damage	faction_to_force_own	15	start_turn_completed
derpy_gg_svc_bribed_guards_dwf	wh_main_effect_agent_action_success_chance	faction_to_character_own	15	start_turn_completed
derpy_gg_svc_blooded_agents_dwf	wh_main_effect_agent_recruitment_xp_all_agents	faction_to_province_own	2	start_turn_completed
derpy_gg_svc_sow_discord_dwf	wh_main_effect_public_order_events	region_to_province_own_unseen	-8	start_turn_completed
derpy_gg_svc_web_of_whispers_dwf	wh2_main_effect_agent_cap_increase_all_heroes	faction_to_faction_own_unseen	1	start_turn_completed
derpy_gg_svc_poisoned_wells_dwf	wh_main_effect_province_growth_events	region_to_province_own	-25	start_turn_completed
derpy_gg_svc_poisoned_wells_dwf	wh_main_effect_force_all_campaign_replenishment_rate	region_to_force_own	-25	start_turn_completed
derpy_gg_svc_granaries_dwf	wh_main_effect_province_growth_events	region_to_province_own	25	start_turn_completed
derpy_gg_svc_road_gangs_dwf	wh_main_effect_force_all_campaign_movement_range	faction_to_force_own	10	start_turn_completed
derpy_gg_svc_enforcers_dwf	wh_main_effect_public_order_events	region_to_province_own_unseen	6	start_turn_completed
derpy_gg_svc_fortify_dwf	wh_main_effect_force_stat_melee_defence	region_to_force_own	10	start_turn_completed
derpy_gg_svc_fortify_dwf	wh_main_effect_force_army_campaign_siege_defend_attrition	region_to_force_own	-20	start_turn_completed
derpy_gg_svc_master_builders_dwf	wh3_main_effect_building_construction_time_add_mod_all	faction_to_region_own	-1	start_turn_completed
derpy_gg_svc_public_works_dwf	wh_main_effect_public_order_events	faction_to_province_own	4	start_turn_completed
derpy_gg_svc_public_works_dwf	wh_main_effect_province_growth_events	faction_to_province_own	30	start_turn_completed
derpy_gg_svc_raiding_parties_dwf	wh_main_effect_force_all_campaign_raid_income	faction_to_force_own	50	start_turn_completed
derpy_gg_svc_captive_markets_dwf	wh_main_effect_force_all_campaign_post_battle_loot_mod	faction_to_faction_own	20	start_turn_completed
derpy_gg_svc_slave_levy_dwf	wh_main_effect_unit_recruitment_points	faction_to_province_own	1	start_turn_completed
derpy_gg_svc_pit_fights_dwf	wh3_dlc20_effect_xp_gain_all_units	faction_to_force_own	25	start_turn_completed
derpy_gg_svc_great_hunt_dwf	wh_main_effect_force_all_campaign_movement_range	faction_to_force_own	15	start_turn_completed
derpy_gg_svc_great_hunt_dwf	wh_main_effect_force_all_campaign_raid_income	faction_to_force_own	50	start_turn_completed
derpy_gg_svc_scorched_earth_dwf	wh_main_effect_economy_gdp_mod_all	region_to_region_own	-25	start_turn_completed
derpy_gg_svc_hashut_blessing_dwf	wh_main_effect_force_stat_magic_resistance	force_to_force_own	15	start_turn_completed
derpy_gg_svc_forge_sermons_dwf	wh_main_effect_public_order_events	region_to_province_own_unseen	4	start_turn_completed
derpy_gg_svc_zeal_dwf	wh_main_effect_force_stat_melee_attack	force_to_force_own	6	start_turn_completed
derpy_gg_svc_zeal_dwf	wh_main_effect_force_stat_charge_bonus_pct	force_to_force_own	10	start_turn_completed
derpy_gg_svc_purge_unclean_dwf	wh3_main_effect_corruption_reduction_events	region_to_province_own_unseen	-6	start_turn_completed
derpy_gg_svc_anathema_dwf	wh_main_effect_public_order_events	region_to_province_own_unseen	-6	start_turn_completed
derpy_gg_svc_holy_war_dwf	wh_main_effect_force_stat_melee_attack	faction_to_force_own	4	start_turn_completed
derpy_gg_svc_holy_war_dwf	wh_main_effect_force_stat_leadership	faction_to_force_own	6	start_turn_completed
derpy_gg_svc_miracle_dwf	wh_main_effect_force_stat_leadership	force_to_force_own	10	start_turn_completed
derpy_gg_svc_consecration_dwf	wh_main_effect_public_order_events	faction_to_province_own	4	start_turn_completed
derpy_gg_svc_consecration_dwf	wh3_main_effect_corruption_reduction_events	faction_to_province_own	-3	start_turn_completed
derpy_gg_rank_brass_2_brt	wh_main_effect_economy_gdp_mod_all	faction_to_region_own	3	start_turn_completed
derpy_gg_rank_brass_3_brt	wh_main_effect_economy_gdp_mod_all	faction_to_region_own	6	start_turn_completed
derpy_gg_rank_brass_4_brt	wh_main_effect_economy_gdp_mod_all	faction_to_region_own	10	start_turn_completed
derpy_gg_rank_brass_5_brt	wh_main_effect_economy_gdp_mod_all	faction_to_region_own	15	start_turn_completed
derpy_gg_lead_brass_brt	wh_main_effect_economy_gdp_mod_all	faction_to_region_own	10	start_turn_completed
derpy_gg_rank_immortals_2_brt	wh_main_effect_force_all_campaign_replenishment_rate	faction_to_force_own	3	start_turn_completed
derpy_gg_rank_immortals_3_brt	wh_main_effect_force_all_campaign_replenishment_rate	faction_to_force_own	6	start_turn_completed
derpy_gg_rank_immortals_3_brt	wh_main_effect_force_army_campaign_recruitment_points	faction_to_faction_own	1	start_turn_completed
derpy_gg_rank_immortals_4_brt	wh_main_effect_force_all_campaign_replenishment_rate	faction_to_force_own	10	start_turn_completed
derpy_gg_rank_immortals_4_brt	wh_main_effect_force_army_campaign_recruitment_points	faction_to_faction_own	2	start_turn_completed
derpy_gg_rank_immortals_5_brt	wh_main_effect_force_all_campaign_replenishment_rate	faction_to_force_own	15	start_turn_completed
derpy_gg_rank_immortals_5_brt	wh_main_effect_force_army_campaign_recruitment_points	faction_to_faction_own	3	start_turn_completed
derpy_gg_lead_immortals_brt	wh_main_effect_force_all_campaign_replenishment_rate	faction_to_force_own	10	start_turn_completed
derpy_gg_rank_daemonsmiths_2_brt	wh_main_effect_technology_research_rate_mod	faction_to_faction_own	3	start_turn_completed
derpy_gg_rank_daemonsmiths_3_brt	wh_main_effect_technology_research_rate_mod	faction_to_faction_own	6	start_turn_completed
derpy_gg_rank_daemonsmiths_4_brt	wh_main_effect_technology_research_rate_mod	faction_to_faction_own	10	start_turn_completed
derpy_gg_rank_daemonsmiths_5_brt	wh_main_effect_technology_research_rate_mod	faction_to_faction_own	15	start_turn_completed
derpy_gg_lead_daemonsmiths_brt	wh_main_effect_technology_research_rate_mod	faction_to_faction_own	10	start_turn_completed
derpy_gg_rank_khanate_2_brt	wh_main_effect_agent_recruitment_cost_mod	faction_to_province_own	-3	start_turn_completed
derpy_gg_rank_khanate_3_brt	wh_main_effect_agent_recruitment_cost_mod	faction_to_province_own	-6	start_turn_completed
derpy_gg_rank_khanate_4_brt	wh_main_effect_agent_recruitment_cost_mod	faction_to_province_own	-10	start_turn_completed
derpy_gg_rank_khanate_5_brt	wh_main_effect_agent_recruitment_cost_mod	faction_to_province_own	-15	start_turn_completed
derpy_gg_lead_khanate_brt	wh_main_effect_agent_recruitment_cost_mod	faction_to_province_own	-10	start_turn_completed
derpy_gg_rank_overseers_2_brt	wh2_dlc11_effect_building_construction_cost_mod_all_settlement	faction_to_region_own	-3	start_turn_completed
derpy_gg_rank_overseers_3_brt	wh2_dlc11_effect_building_construction_cost_mod_all_settlement	faction_to_region_own	-6	start_turn_completed
derpy_gg_rank_overseers_4_brt	wh2_dlc11_effect_building_construction_cost_mod_all_settlement	faction_to_region_own	-10	start_turn_completed
derpy_gg_rank_overseers_5_brt	wh2_dlc11_effect_building_construction_cost_mod_all_settlement	faction_to_region_own	-15	start_turn_completed
derpy_gg_lead_overseers_brt	wh2_dlc11_effect_building_construction_cost_mod_all_settlement	faction_to_region_own	-10	start_turn_completed
derpy_gg_rank_slavers_2_brt	wh_main_effect_force_all_campaign_sacking_income	faction_to_faction_own	3	start_turn_completed
derpy_gg_rank_slavers_3_brt	wh_main_effect_force_all_campaign_sacking_income	faction_to_faction_own	6	start_turn_completed
derpy_gg_rank_slavers_4_brt	wh_main_effect_force_all_campaign_sacking_income	faction_to_faction_own	10	start_turn_completed
derpy_gg_rank_slavers_5_brt	wh_main_effect_force_all_campaign_sacking_income	faction_to_faction_own	15	start_turn_completed
derpy_gg_lead_slavers_brt	wh_main_effect_force_all_campaign_sacking_income	faction_to_faction_own	10	start_turn_completed
derpy_gg_rank_temple_2_brt	wh_main_effect_force_stat_ward_save	faction_to_force_own	2	start_turn_completed
derpy_gg_rank_temple_3_brt	wh_main_effect_force_stat_ward_save	faction_to_force_own	4	start_turn_completed
derpy_gg_rank_temple_4_brt	wh_main_effect_force_stat_ward_save	faction_to_force_own	6	start_turn_completed
derpy_gg_rank_temple_5_brt	wh_main_effect_force_stat_ward_save	faction_to_force_own	8	start_turn_completed
derpy_gg_lead_temple_brt	wh_main_effect_force_stat_ward_save	faction_to_force_own	5	start_turn_completed
derpy_gg_svc_writ_monopoly_brt	wh_main_effect_economy_gdp_mod_all	faction_to_region_own	32	start_turn_completed
derpy_gg_svc_long_ledger_brt	wh_main_effect_economy_gdp_mod_all	faction_to_region_own	45	start_turn_completed
derpy_gg_svc_oathbound_draft_brt	wh_main_effect_force_all_campaign_replenishment_rate	faction_to_force_own	20	start_turn_completed
derpy_gg_svc_astragoths_levy_brt	wh_main_effect_force_all_campaign_replenishment_rate	faction_to_force_own	45	start_turn_completed
derpy_gg_svc_forge_rite_brt	wh_main_effect_technology_research_rate_mod	faction_to_faction_own	20	start_turn_completed
derpy_gg_svc_bound_ordnance_brt	wh_main_effect_technology_research_rate_mod	faction_to_faction_own	45	start_turn_completed
derpy_gg_svc_knife_in_dark_brt	wh_main_effect_agent_recruitment_cost_mod	faction_to_province_own	-32	start_turn_completed
derpy_gg_svc_khans_price_brt	wh_main_effect_agent_recruitment_cost_mod	faction_to_province_own	45	start_turn_completed
derpy_gg_svc_lash_the_gangs_brt	wh2_dlc11_effect_building_construction_cost_mod_all_settlement	faction_to_region_own	-20	start_turn_completed
derpy_gg_svc_works_of_zharr_brt	wh2_dlc11_effect_building_construction_cost_mod_all_settlement	faction_to_region_own	-45	start_turn_completed
derpy_gg_svc_coffle_drive_brt	wh_main_effect_force_all_campaign_sacking_income	faction_to_faction_own	20	start_turn_completed
derpy_gg_svc_great_coffle_brt	wh_main_effect_force_all_campaign_sacking_income	faction_to_faction_own	45	start_turn_completed
derpy_gg_svc_alms_and_bribes_brt	wh3_main_effect_corruption_reduction_events	faction_to_province_own	-5	start_turn_completed
derpy_gg_svc_mercenary_contract_brt	wh_main_effect_force_all_campaign_recruitment_cost_all	faction_to_force_own	-15	start_turn_completed
derpy_gg_svc_guild_loan_brt	wh_main_effect_economy_gdp_mod_all	faction_to_region_own	-10	start_turn_completed
derpy_gg_svc_industry_charter_brt	wh_dlc07_effect_economy_gdp_mod_industry	faction_to_region_own	20	start_turn_completed
derpy_gg_svc_treasury_seal_brt	wh_main_effect_force_all_campaign_upkeep	faction_to_force_own	-20	start_turn_completed
derpy_gg_svc_bought_peace_brt	wh_main_effect_public_order_events	faction_to_province_own	3	start_turn_completed
derpy_gg_svc_forced_march_brt	wh_main_effect_force_all_campaign_movement_range	force_to_force_own	20	start_turn_completed
derpy_gg_svc_drillmasters_brt	wh_main_effect_force_all_campaign_experience_base_all	faction_to_force_own	1	start_turn_completed
derpy_gg_svc_battle_standard_brt	wh_main_effect_force_stat_leadership	force_to_force_own	8	start_turn_completed
derpy_gg_svc_field_surgeons_brt	wh_main_effect_force_all_campaign_replenishment_rate	force_to_force_own	30	start_turn_completed
derpy_gg_svc_veteran_cadre_brt	wh_main_effect_force_all_campaign_experience_base_all	faction_to_force_own	3	start_turn_completed
derpy_gg_svc_ward_runes_brt	wh_main_effect_force_stat_ward_save	force_to_force_own	10	start_turn_completed
derpy_gg_svc_spirit_siphon_brt	wh3_main_effect_winds_of_magic_events	faction_to_force_own	5	start_turn_completed
derpy_gg_svc_forged_arms_brt	wh_main_effect_force_stat_weapon_strength	faction_to_force_own	10	start_turn_completed
derpy_gg_svc_master_gunners_brt	wh_main_effect_force_stat_missile_damage_artillery	faction_to_force_own	20	start_turn_completed
derpy_gg_svc_great_work_brt	wh_main_effect_technology_research_rate_mod	faction_to_faction_own	30	start_turn_completed
derpy_gg_svc_arsenal_brt	wh_main_effect_force_stat_missile_damage	faction_to_force_own	15	start_turn_completed
derpy_gg_svc_bribed_guards_brt	wh_main_effect_agent_action_success_chance	faction_to_character_own	15	start_turn_completed
derpy_gg_svc_blooded_agents_brt	wh_main_effect_agent_recruitment_xp_all_agents	faction_to_province_own	2	start_turn_completed
derpy_gg_svc_sow_discord_brt	wh_main_effect_public_order_events	region_to_province_own_unseen	-8	start_turn_completed
derpy_gg_svc_web_of_whispers_brt	wh2_main_effect_agent_cap_increase_all_heroes	faction_to_faction_own_unseen	1	start_turn_completed
derpy_gg_svc_poisoned_wells_brt	wh_main_effect_province_growth_events	region_to_province_own	-25	start_turn_completed
derpy_gg_svc_poisoned_wells_brt	wh_main_effect_force_all_campaign_replenishment_rate	region_to_force_own	-25	start_turn_completed
derpy_gg_svc_granaries_brt	wh_main_effect_province_growth_events	region_to_province_own	25	start_turn_completed
derpy_gg_svc_road_gangs_brt	wh_main_effect_force_all_campaign_movement_range	faction_to_force_own	10	start_turn_completed
derpy_gg_svc_enforcers_brt	wh_main_effect_public_order_events	region_to_province_own_unseen	6	start_turn_completed
derpy_gg_svc_fortify_brt	wh_main_effect_force_stat_melee_defence	region_to_force_own	10	start_turn_completed
derpy_gg_svc_fortify_brt	wh_main_effect_force_army_campaign_siege_defend_attrition	region_to_force_own	-20	start_turn_completed
derpy_gg_svc_master_builders_brt	wh3_main_effect_building_construction_time_add_mod_all	faction_to_region_own	-1	start_turn_completed
derpy_gg_svc_public_works_brt	wh_main_effect_public_order_events	faction_to_province_own	4	start_turn_completed
derpy_gg_svc_public_works_brt	wh_main_effect_province_growth_events	faction_to_province_own	30	start_turn_completed
derpy_gg_svc_raiding_parties_brt	wh_main_effect_force_all_campaign_raid_income	faction_to_force_own	50	start_turn_completed
derpy_gg_svc_captive_markets_brt	wh_main_effect_force_all_campaign_post_battle_loot_mod	faction_to_faction_own	20	start_turn_completed
derpy_gg_svc_slave_levy_brt	wh_main_effect_unit_recruitment_points	faction_to_province_own	1	start_turn_completed
derpy_gg_svc_pit_fights_brt	wh3_dlc20_effect_xp_gain_all_units	faction_to_force_own	25	start_turn_completed
derpy_gg_svc_great_hunt_brt	wh_main_effect_force_all_campaign_movement_range	faction_to_force_own	15	start_turn_completed
derpy_gg_svc_great_hunt_brt	wh_main_effect_force_all_campaign_raid_income	faction_to_force_own	50	start_turn_completed
derpy_gg_svc_scorched_earth_brt	wh_main_effect_economy_gdp_mod_all	region_to_region_own	-25	start_turn_completed
derpy_gg_svc_peasant_levies_brt	wh_dlc07_effect_peasant_increase_base_amount	faction_to_faction_own_unseen	3	start_turn_completed
derpy_gg_svc_hashut_blessing_brt	wh_main_effect_force_stat_ward_save	force_to_force_own	15	start_turn_completed
derpy_gg_svc_forge_sermons_brt	wh_main_effect_public_order_events	region_to_province_own_unseen	4	start_turn_completed
derpy_gg_svc_zeal_brt	wh_main_effect_force_stat_leadership	force_to_force_own	10	start_turn_completed
derpy_gg_svc_zeal_brt	wh_main_effect_force_stat_charge_bonus_pct	force_to_force_own	10	start_turn_completed
derpy_gg_svc_purge_unclean_brt	wh3_main_effect_corruption_reduction_events	region_to_province_own_unseen	-6	start_turn_completed
derpy_gg_svc_anathema_brt	wh_main_effect_public_order_events	region_to_province_own_unseen	-6	start_turn_completed
derpy_gg_svc_holy_war_brt	wh_main_effect_force_stat_leadership	faction_to_force_own	6	start_turn_completed
derpy_gg_svc_holy_war_brt	wh2_dlc14_effect_force_charge_bonus_add	faction_to_force_own	10	start_turn_completed
derpy_gg_svc_miracle_brt	wh_main_effect_force_stat_leadership	force_to_force_own	10	start_turn_completed
derpy_gg_svc_consecration_brt	wh_main_effect_public_order_events	faction_to_province_own	4	start_turn_completed
derpy_gg_svc_consecration_brt	wh3_main_effect_corruption_reduction_events	faction_to_province_own	-3	start_turn_completed
derpy_gg_rank_brass_2_cth	wh_main_effect_economy_gdp_mod_all	faction_to_region_own	3	start_turn_completed
derpy_gg_rank_brass_3_cth	wh_main_effect_economy_gdp_mod_all	faction_to_region_own	6	start_turn_completed
derpy_gg_rank_brass_4_cth	wh_main_effect_economy_gdp_mod_all	faction_to_region_own	10	start_turn_completed
derpy_gg_rank_brass_5_cth	wh_main_effect_economy_gdp_mod_all	faction_to_region_own	15	start_turn_completed
derpy_gg_lead_brass_cth	wh_main_effect_economy_gdp_mod_all	faction_to_region_own	10	start_turn_completed
derpy_gg_rank_immortals_2_cth	wh_main_effect_force_all_campaign_replenishment_rate	faction_to_force_own	3	start_turn_completed
derpy_gg_rank_immortals_3_cth	wh_main_effect_force_all_campaign_replenishment_rate	faction_to_force_own	6	start_turn_completed
derpy_gg_rank_immortals_3_cth	wh_main_effect_force_army_campaign_recruitment_points	faction_to_faction_own	1	start_turn_completed
derpy_gg_rank_immortals_4_cth	wh_main_effect_force_all_campaign_replenishment_rate	faction_to_force_own	10	start_turn_completed
derpy_gg_rank_immortals_4_cth	wh_main_effect_force_army_campaign_recruitment_points	faction_to_faction_own	2	start_turn_completed
derpy_gg_rank_immortals_5_cth	wh_main_effect_force_all_campaign_replenishment_rate	faction_to_force_own	15	start_turn_completed
derpy_gg_rank_immortals_5_cth	wh_main_effect_force_army_campaign_recruitment_points	faction_to_faction_own	3	start_turn_completed
derpy_gg_lead_immortals_cth	wh_main_effect_force_all_campaign_replenishment_rate	faction_to_force_own	10	start_turn_completed
derpy_gg_rank_daemonsmiths_2_cth	wh_main_effect_technology_research_rate_mod	faction_to_faction_own	3	start_turn_completed
derpy_gg_rank_daemonsmiths_3_cth	wh_main_effect_technology_research_rate_mod	faction_to_faction_own	6	start_turn_completed
derpy_gg_rank_daemonsmiths_4_cth	wh_main_effect_technology_research_rate_mod	faction_to_faction_own	10	start_turn_completed
derpy_gg_rank_daemonsmiths_5_cth	wh_main_effect_technology_research_rate_mod	faction_to_faction_own	15	start_turn_completed
derpy_gg_lead_daemonsmiths_cth	wh_main_effect_technology_research_rate_mod	faction_to_faction_own	10	start_turn_completed
derpy_gg_rank_khanate_2_cth	wh_main_effect_agent_recruitment_cost_mod	faction_to_province_own	-3	start_turn_completed
derpy_gg_rank_khanate_3_cth	wh_main_effect_agent_recruitment_cost_mod	faction_to_province_own	-6	start_turn_completed
derpy_gg_rank_khanate_4_cth	wh_main_effect_agent_recruitment_cost_mod	faction_to_province_own	-10	start_turn_completed
derpy_gg_rank_khanate_5_cth	wh_main_effect_agent_recruitment_cost_mod	faction_to_province_own	-15	start_turn_completed
derpy_gg_lead_khanate_cth	wh_main_effect_agent_recruitment_cost_mod	faction_to_province_own	-10	start_turn_completed
derpy_gg_rank_overseers_2_cth	wh2_dlc11_effect_building_construction_cost_mod_all_settlement	faction_to_region_own	-3	start_turn_completed
derpy_gg_rank_overseers_3_cth	wh2_dlc11_effect_building_construction_cost_mod_all_settlement	faction_to_region_own	-6	start_turn_completed
derpy_gg_rank_overseers_4_cth	wh2_dlc11_effect_building_construction_cost_mod_all_settlement	faction_to_region_own	-10	start_turn_completed
derpy_gg_rank_overseers_5_cth	wh2_dlc11_effect_building_construction_cost_mod_all_settlement	faction_to_region_own	-15	start_turn_completed
derpy_gg_lead_overseers_cth	wh2_dlc11_effect_building_construction_cost_mod_all_settlement	faction_to_region_own	-10	start_turn_completed
derpy_gg_rank_slavers_2_cth	wh_main_effect_force_all_campaign_sacking_income	faction_to_faction_own	3	start_turn_completed
derpy_gg_rank_slavers_3_cth	wh_main_effect_force_all_campaign_sacking_income	faction_to_faction_own	6	start_turn_completed
derpy_gg_rank_slavers_4_cth	wh_main_effect_force_all_campaign_sacking_income	faction_to_faction_own	10	start_turn_completed
derpy_gg_rank_slavers_5_cth	wh_main_effect_force_all_campaign_sacking_income	faction_to_faction_own	15	start_turn_completed
derpy_gg_lead_slavers_cth	wh_main_effect_force_all_campaign_sacking_income	faction_to_faction_own	10	start_turn_completed
derpy_gg_rank_temple_2_cth	wh3_main_effect_winds_of_magic_pool_cap	faction_to_force_own	3	start_turn_completed
derpy_gg_rank_temple_3_cth	wh3_main_effect_winds_of_magic_pool_cap	faction_to_force_own	6	start_turn_completed
derpy_gg_rank_temple_4_cth	wh3_main_effect_winds_of_magic_pool_cap	faction_to_force_own	10	start_turn_completed
derpy_gg_rank_temple_5_cth	wh3_main_effect_winds_of_magic_pool_cap	faction_to_force_own	15	start_turn_completed
derpy_gg_lead_temple_cth	wh3_main_effect_winds_of_magic_pool_cap	faction_to_force_own	10	start_turn_completed
derpy_gg_svc_writ_monopoly_cth	wh_main_effect_economy_gdp_mod_all	faction_to_region_own	32	start_turn_completed
derpy_gg_svc_long_ledger_cth	wh_main_effect_economy_gdp_mod_all	faction_to_region_own	45	start_turn_completed
derpy_gg_svc_oathbound_draft_cth	wh_main_effect_force_all_campaign_replenishment_rate	faction_to_force_own	20	start_turn_completed
derpy_gg_svc_astragoths_levy_cth	wh_main_effect_force_all_campaign_replenishment_rate	faction_to_force_own	45	start_turn_completed
derpy_gg_svc_forge_rite_cth	wh_main_effect_technology_research_rate_mod	faction_to_faction_own	20	start_turn_completed
derpy_gg_svc_bound_ordnance_cth	wh_main_effect_technology_research_rate_mod	faction_to_faction_own	45	start_turn_completed
derpy_gg_svc_knife_in_dark_cth	wh_main_effect_agent_recruitment_cost_mod	faction_to_province_own	-32	start_turn_completed
derpy_gg_svc_khans_price_cth	wh_main_effect_agent_recruitment_cost_mod	faction_to_province_own	45	start_turn_completed
derpy_gg_svc_lash_the_gangs_cth	wh2_dlc11_effect_building_construction_cost_mod_all_settlement	faction_to_region_own	-20	start_turn_completed
derpy_gg_svc_works_of_zharr_cth	wh2_dlc11_effect_building_construction_cost_mod_all_settlement	faction_to_region_own	-45	start_turn_completed
derpy_gg_svc_coffle_drive_cth	wh_main_effect_force_all_campaign_sacking_income	faction_to_faction_own	20	start_turn_completed
derpy_gg_svc_great_coffle_cth	wh_main_effect_force_all_campaign_sacking_income	faction_to_faction_own	45	start_turn_completed
derpy_gg_svc_alms_and_bribes_cth	wh3_main_effect_corruption_reduction_events	faction_to_province_own	-5	start_turn_completed
derpy_gg_svc_mercenary_contract_cth	wh_main_effect_force_all_campaign_recruitment_cost_all	faction_to_force_own	-15	start_turn_completed
derpy_gg_svc_guild_loan_cth	wh_main_effect_economy_gdp_mod_all	faction_to_region_own	-10	start_turn_completed
derpy_gg_svc_industry_charter_cth	wh_dlc07_effect_economy_gdp_mod_industry	faction_to_region_own	20	start_turn_completed
derpy_gg_svc_treasury_seal_cth	wh_main_effect_force_all_campaign_upkeep	faction_to_force_own	-20	start_turn_completed
derpy_gg_svc_bought_peace_cth	wh_main_effect_public_order_events	faction_to_province_own	3	start_turn_completed
derpy_gg_svc_forced_march_cth	wh_main_effect_force_all_campaign_movement_range	force_to_force_own	20	start_turn_completed
derpy_gg_svc_drillmasters_cth	wh_main_effect_force_all_campaign_experience_base_all	faction_to_force_own	1	start_turn_completed
derpy_gg_svc_battle_standard_cth	wh_main_effect_force_stat_leadership	force_to_force_own	8	start_turn_completed
derpy_gg_svc_field_surgeons_cth	wh_main_effect_force_all_campaign_replenishment_rate	force_to_force_own	30	start_turn_completed
derpy_gg_svc_veteran_cadre_cth	wh_main_effect_force_all_campaign_experience_base_all	faction_to_force_own	3	start_turn_completed
derpy_gg_svc_ward_runes_cth	wh_main_effect_force_stat_ward_save	force_to_force_own	10	start_turn_completed
derpy_gg_svc_spirit_siphon_cth	wh3_main_effect_winds_of_magic_events	faction_to_force_own	5	start_turn_completed
derpy_gg_svc_forged_arms_cth	wh_main_effect_force_stat_weapon_strength	faction_to_force_own	10	start_turn_completed
derpy_gg_svc_master_gunners_cth	wh_main_effect_force_stat_missile_damage_artillery	faction_to_force_own	20	start_turn_completed
derpy_gg_svc_great_work_cth	wh_main_effect_technology_research_rate_mod	faction_to_faction_own	30	start_turn_completed
derpy_gg_svc_arsenal_cth	wh_main_effect_force_stat_missile_damage	faction_to_force_own	15	start_turn_completed
derpy_gg_svc_bribed_guards_cth	wh_main_effect_agent_action_success_chance	faction_to_character_own	15	start_turn_completed
derpy_gg_svc_blooded_agents_cth	wh_main_effect_agent_recruitment_xp_all_agents	faction_to_province_own	2	start_turn_completed
derpy_gg_svc_sow_discord_cth	wh_main_effect_public_order_events	region_to_province_own_unseen	-8	start_turn_completed
derpy_gg_svc_web_of_whispers_cth	wh2_main_effect_agent_cap_increase_all_heroes	faction_to_faction_own_unseen	1	start_turn_completed
derpy_gg_svc_poisoned_wells_cth	wh_main_effect_province_growth_events	region_to_province_own	-25	start_turn_completed
derpy_gg_svc_poisoned_wells_cth	wh_main_effect_force_all_campaign_replenishment_rate	region_to_force_own	-25	start_turn_completed
derpy_gg_svc_granaries_cth	wh_main_effect_province_growth_events	region_to_province_own	25	start_turn_completed
derpy_gg_svc_road_gangs_cth	wh_main_effect_force_all_campaign_movement_range	faction_to_force_own	10	start_turn_completed
derpy_gg_svc_enforcers_cth	wh_main_effect_public_order_events	region_to_province_own_unseen	6	start_turn_completed
derpy_gg_svc_fortify_cth	wh_main_effect_force_stat_melee_defence	region_to_force_own	10	start_turn_completed
derpy_gg_svc_fortify_cth	wh_main_effect_force_army_campaign_siege_defend_attrition	region_to_force_own	-20	start_turn_completed
derpy_gg_svc_master_builders_cth	wh3_main_effect_building_construction_time_add_mod_all	faction_to_region_own	-1	start_turn_completed
derpy_gg_svc_public_works_cth	wh_main_effect_public_order_events	faction_to_province_own	4	start_turn_completed
derpy_gg_svc_public_works_cth	wh_main_effect_province_growth_events	faction_to_province_own	30	start_turn_completed
derpy_gg_svc_raiding_parties_cth	wh_main_effect_force_all_campaign_raid_income	faction_to_force_own	50	start_turn_completed
derpy_gg_svc_captive_markets_cth	wh_main_effect_force_all_campaign_post_battle_loot_mod	faction_to_faction_own	20	start_turn_completed
derpy_gg_svc_slave_levy_cth	wh_main_effect_unit_recruitment_points	faction_to_province_own	1	start_turn_completed
derpy_gg_svc_pit_fights_cth	wh3_dlc20_effect_xp_gain_all_units	faction_to_force_own	25	start_turn_completed
derpy_gg_svc_great_hunt_cth	wh_main_effect_force_all_campaign_movement_range	faction_to_force_own	15	start_turn_completed
derpy_gg_svc_great_hunt_cth	wh_main_effect_force_all_campaign_raid_income	faction_to_force_own	50	start_turn_completed
derpy_gg_svc_scorched_earth_cth	wh_main_effect_economy_gdp_mod_all	region_to_region_own	-25	start_turn_completed
derpy_gg_svc_mandate_of_heaven_cth	wh_main_effect_public_order_events	faction_to_province_own	4	start_turn_completed
derpy_gg_svc_mandate_of_heaven_cth	wh3_main_effect_corruption_reduction_events	faction_to_province_own	-8	start_turn_completed
derpy_gg_svc_hashut_blessing_cth	wh2_dlc14_effect_magic_cost_all_lores_percentage	force_to_force_own	-20	start_turn_completed
derpy_gg_svc_forge_sermons_cth	wh_main_effect_public_order_events	region_to_province_own_unseen	4	start_turn_completed
derpy_gg_svc_zeal_cth	wh3_main_effect_winds_of_magic_events	force_to_force_own	8	start_turn_completed
derpy_gg_svc_purge_unclean_cth	wh3_main_effect_corruption_reduction_events	region_to_province_own_unseen	-6	start_turn_completed
derpy_gg_svc_anathema_cth	wh_main_effect_public_order_events	region_to_province_own_unseen	-6	start_turn_completed
derpy_gg_svc_holy_war_cth	wh3_main_effect_winds_of_magic_events	faction_to_force_own	5	start_turn_completed
derpy_gg_svc_holy_war_cth	wh_main_effect_force_stat_leadership	faction_to_force_own	4	start_turn_completed
derpy_gg_svc_miracle_cth	wh_main_effect_force_stat_leadership	force_to_force_own	10	start_turn_completed
derpy_gg_svc_consecration_cth	wh_main_effect_public_order_events	faction_to_province_own	4	start_turn_completed
derpy_gg_svc_consecration_cth	wh3_main_effect_corruption_reduction_events	faction_to_province_own	-3	start_turn_completed
derpy_gg_rank_brass_2_ksl	wh_main_effect_economy_gdp_mod_all	faction_to_region_own	3	start_turn_completed
derpy_gg_rank_brass_3_ksl	wh_main_effect_economy_gdp_mod_all	faction_to_region_own	6	start_turn_completed
derpy_gg_rank_brass_4_ksl	wh_main_effect_economy_gdp_mod_all	faction_to_region_own	10	start_turn_completed
derpy_gg_rank_brass_5_ksl	wh_main_effect_economy_gdp_mod_all	faction_to_region_own	15	start_turn_completed
derpy_gg_lead_brass_ksl	wh_main_effect_economy_gdp_mod_all	faction_to_region_own	10	start_turn_completed
derpy_gg_rank_immortals_2_ksl	wh_main_effect_force_all_campaign_replenishment_rate	faction_to_force_own	3	start_turn_completed
derpy_gg_rank_immortals_3_ksl	wh_main_effect_force_all_campaign_replenishment_rate	faction_to_force_own	6	start_turn_completed
derpy_gg_rank_immortals_3_ksl	wh_main_effect_force_army_campaign_recruitment_points	faction_to_faction_own	1	start_turn_completed
derpy_gg_rank_immortals_4_ksl	wh_main_effect_force_all_campaign_replenishment_rate	faction_to_force_own	10	start_turn_completed
derpy_gg_rank_immortals_4_ksl	wh_main_effect_force_army_campaign_recruitment_points	faction_to_faction_own	2	start_turn_completed
derpy_gg_rank_immortals_5_ksl	wh_main_effect_force_all_campaign_replenishment_rate	faction_to_force_own	15	start_turn_completed
derpy_gg_rank_immortals_5_ksl	wh_main_effect_force_army_campaign_recruitment_points	faction_to_faction_own	3	start_turn_completed
derpy_gg_lead_immortals_ksl	wh_main_effect_force_all_campaign_replenishment_rate	faction_to_force_own	10	start_turn_completed
derpy_gg_rank_daemonsmiths_2_ksl	wh_main_effect_technology_research_rate_mod	faction_to_faction_own	3	start_turn_completed
derpy_gg_rank_daemonsmiths_3_ksl	wh_main_effect_technology_research_rate_mod	faction_to_faction_own	6	start_turn_completed
derpy_gg_rank_daemonsmiths_4_ksl	wh_main_effect_technology_research_rate_mod	faction_to_faction_own	10	start_turn_completed
derpy_gg_rank_daemonsmiths_5_ksl	wh_main_effect_technology_research_rate_mod	faction_to_faction_own	15	start_turn_completed
derpy_gg_lead_daemonsmiths_ksl	wh_main_effect_technology_research_rate_mod	faction_to_faction_own	10	start_turn_completed
derpy_gg_rank_khanate_2_ksl	wh_main_effect_agent_recruitment_cost_mod	faction_to_province_own	-3	start_turn_completed
derpy_gg_rank_khanate_3_ksl	wh_main_effect_agent_recruitment_cost_mod	faction_to_province_own	-6	start_turn_completed
derpy_gg_rank_khanate_4_ksl	wh_main_effect_agent_recruitment_cost_mod	faction_to_province_own	-10	start_turn_completed
derpy_gg_rank_khanate_5_ksl	wh_main_effect_agent_recruitment_cost_mod	faction_to_province_own	-15	start_turn_completed
derpy_gg_lead_khanate_ksl	wh_main_effect_agent_recruitment_cost_mod	faction_to_province_own	-10	start_turn_completed
derpy_gg_rank_overseers_2_ksl	wh2_dlc11_effect_building_construction_cost_mod_all_settlement	faction_to_region_own	-3	start_turn_completed
derpy_gg_rank_overseers_3_ksl	wh2_dlc11_effect_building_construction_cost_mod_all_settlement	faction_to_region_own	-6	start_turn_completed
derpy_gg_rank_overseers_4_ksl	wh2_dlc11_effect_building_construction_cost_mod_all_settlement	faction_to_region_own	-10	start_turn_completed
derpy_gg_rank_overseers_5_ksl	wh2_dlc11_effect_building_construction_cost_mod_all_settlement	faction_to_region_own	-15	start_turn_completed
derpy_gg_lead_overseers_ksl	wh2_dlc11_effect_building_construction_cost_mod_all_settlement	faction_to_region_own	-10	start_turn_completed
derpy_gg_rank_slavers_2_ksl	wh_main_effect_force_all_campaign_sacking_income	faction_to_faction_own	3	start_turn_completed
derpy_gg_rank_slavers_3_ksl	wh_main_effect_force_all_campaign_sacking_income	faction_to_faction_own	6	start_turn_completed
derpy_gg_rank_slavers_4_ksl	wh_main_effect_force_all_campaign_sacking_income	faction_to_faction_own	10	start_turn_completed
derpy_gg_rank_slavers_5_ksl	wh_main_effect_force_all_campaign_sacking_income	faction_to_faction_own	15	start_turn_completed
derpy_gg_lead_slavers_ksl	wh_main_effect_force_all_campaign_sacking_income	faction_to_faction_own	10	start_turn_completed
derpy_gg_rank_temple_2_ksl	wh_main_effect_force_stat_leadership	faction_to_force_own	2	start_turn_completed
derpy_gg_rank_temple_3_ksl	wh_main_effect_force_stat_leadership	faction_to_force_own	4	start_turn_completed
derpy_gg_rank_temple_4_ksl	wh_main_effect_force_stat_leadership	faction_to_force_own	6	start_turn_completed
derpy_gg_rank_temple_5_ksl	wh_main_effect_force_stat_leadership	faction_to_force_own	8	start_turn_completed
derpy_gg_lead_temple_ksl	wh_main_effect_force_stat_leadership	faction_to_force_own	5	start_turn_completed
derpy_gg_svc_writ_monopoly_ksl	wh_main_effect_economy_gdp_mod_all	faction_to_region_own	32	start_turn_completed
derpy_gg_svc_long_ledger_ksl	wh_main_effect_economy_gdp_mod_all	faction_to_region_own	45	start_turn_completed
derpy_gg_svc_oathbound_draft_ksl	wh_main_effect_force_all_campaign_replenishment_rate	faction_to_force_own	20	start_turn_completed
derpy_gg_svc_astragoths_levy_ksl	wh_main_effect_force_all_campaign_replenishment_rate	faction_to_force_own	45	start_turn_completed
derpy_gg_svc_forge_rite_ksl	wh_main_effect_technology_research_rate_mod	faction_to_faction_own	20	start_turn_completed
derpy_gg_svc_bound_ordnance_ksl	wh_main_effect_technology_research_rate_mod	faction_to_faction_own	45	start_turn_completed
derpy_gg_svc_knife_in_dark_ksl	wh_main_effect_agent_recruitment_cost_mod	faction_to_province_own	-32	start_turn_completed
derpy_gg_svc_khans_price_ksl	wh_main_effect_agent_recruitment_cost_mod	faction_to_province_own	45	start_turn_completed
derpy_gg_svc_lash_the_gangs_ksl	wh2_dlc11_effect_building_construction_cost_mod_all_settlement	faction_to_region_own	-20	start_turn_completed
derpy_gg_svc_works_of_zharr_ksl	wh2_dlc11_effect_building_construction_cost_mod_all_settlement	faction_to_region_own	-45	start_turn_completed
derpy_gg_svc_coffle_drive_ksl	wh_main_effect_force_all_campaign_sacking_income	faction_to_faction_own	20	start_turn_completed
derpy_gg_svc_great_coffle_ksl	wh_main_effect_force_all_campaign_sacking_income	faction_to_faction_own	45	start_turn_completed
derpy_gg_svc_alms_and_bribes_ksl	wh3_main_effect_corruption_reduction_events	faction_to_province_own	-5	start_turn_completed
derpy_gg_svc_mercenary_contract_ksl	wh_main_effect_force_all_campaign_recruitment_cost_all	faction_to_force_own	-15	start_turn_completed
derpy_gg_svc_guild_loan_ksl	wh_main_effect_economy_gdp_mod_all	faction_to_region_own	-10	start_turn_completed
derpy_gg_svc_industry_charter_ksl	wh_dlc07_effect_economy_gdp_mod_industry	faction_to_region_own	20	start_turn_completed
derpy_gg_svc_treasury_seal_ksl	wh_main_effect_force_all_campaign_upkeep	faction_to_force_own	-20	start_turn_completed
derpy_gg_svc_bought_peace_ksl	wh_main_effect_public_order_events	faction_to_province_own	3	start_turn_completed
derpy_gg_svc_forced_march_ksl	wh_main_effect_force_all_campaign_movement_range	force_to_force_own	20	start_turn_completed
derpy_gg_svc_drillmasters_ksl	wh_main_effect_force_all_campaign_experience_base_all	faction_to_force_own	1	start_turn_completed
derpy_gg_svc_battle_standard_ksl	wh_main_effect_force_stat_leadership	force_to_force_own	8	start_turn_completed
derpy_gg_svc_field_surgeons_ksl	wh_main_effect_force_all_campaign_replenishment_rate	force_to_force_own	30	start_turn_completed
derpy_gg_svc_veteran_cadre_ksl	wh_main_effect_force_all_campaign_experience_base_all	faction_to_force_own	3	start_turn_completed
derpy_gg_svc_ward_runes_ksl	wh_main_effect_force_stat_ward_save	force_to_force_own	10	start_turn_completed
derpy_gg_svc_spirit_siphon_ksl	wh3_main_effect_winds_of_magic_events	faction_to_force_own	5	start_turn_completed
derpy_gg_svc_forged_arms_ksl	wh_main_effect_force_stat_weapon_strength	faction_to_force_own	10	start_turn_completed
derpy_gg_svc_master_gunners_ksl	derpy_gg_effect_missile_strength_ksl_war_machines	faction_to_force_own	20	start_turn_completed
derpy_gg_svc_great_work_ksl	wh_main_effect_technology_research_rate_mod	faction_to_faction_own	30	start_turn_completed
derpy_gg_svc_arsenal_ksl	wh_main_effect_force_stat_missile_damage	faction_to_force_own	15	start_turn_completed
derpy_gg_svc_bribed_guards_ksl	wh_main_effect_agent_action_success_chance	faction_to_character_own	15	start_turn_completed
derpy_gg_svc_blooded_agents_ksl	wh_main_effect_agent_recruitment_xp_all_agents	faction_to_province_own	2	start_turn_completed
derpy_gg_svc_sow_discord_ksl	wh_main_effect_public_order_events	region_to_province_own_unseen	-8	start_turn_completed
derpy_gg_svc_web_of_whispers_ksl	wh2_main_effect_agent_cap_increase_all_heroes	faction_to_faction_own_unseen	1	start_turn_completed
derpy_gg_svc_poisoned_wells_ksl	wh_main_effect_province_growth_events	region_to_province_own	-25	start_turn_completed
derpy_gg_svc_poisoned_wells_ksl	wh_main_effect_force_all_campaign_replenishment_rate	region_to_force_own	-25	start_turn_completed
derpy_gg_svc_granaries_ksl	wh_main_effect_province_growth_events	region_to_province_own	25	start_turn_completed
derpy_gg_svc_road_gangs_ksl	wh_main_effect_force_all_campaign_movement_range	faction_to_force_own	10	start_turn_completed
derpy_gg_svc_enforcers_ksl	wh_main_effect_public_order_events	region_to_province_own_unseen	6	start_turn_completed
derpy_gg_svc_fortify_ksl	wh_main_effect_force_stat_melee_defence	region_to_force_own	10	start_turn_completed
derpy_gg_svc_fortify_ksl	wh_main_effect_force_army_campaign_siege_defend_attrition	region_to_force_own	-20	start_turn_completed
derpy_gg_svc_master_builders_ksl	wh3_main_effect_building_construction_time_add_mod_all	faction_to_region_own	-1	start_turn_completed
derpy_gg_svc_public_works_ksl	wh_main_effect_public_order_events	faction_to_province_own	4	start_turn_completed
derpy_gg_svc_public_works_ksl	wh_main_effect_province_growth_events	faction_to_province_own	30	start_turn_completed
derpy_gg_svc_raiding_parties_ksl	wh_main_effect_force_all_campaign_raid_income	faction_to_force_own	50	start_turn_completed
derpy_gg_svc_captive_markets_ksl	wh_main_effect_force_all_campaign_post_battle_loot_mod	faction_to_faction_own	20	start_turn_completed
derpy_gg_svc_slave_levy_ksl	wh_main_effect_unit_recruitment_points	faction_to_province_own	1	start_turn_completed
derpy_gg_svc_pit_fights_ksl	wh3_dlc20_effect_xp_gain_all_units	faction_to_force_own	25	start_turn_completed
derpy_gg_svc_great_hunt_ksl	wh_main_effect_force_all_campaign_movement_range	faction_to_force_own	15	start_turn_completed
derpy_gg_svc_great_hunt_ksl	wh_main_effect_force_all_campaign_raid_income	faction_to_force_own	50	start_turn_completed
derpy_gg_svc_scorched_earth_ksl	wh_main_effect_economy_gdp_mod_all	region_to_region_own	-25	start_turn_completed
derpy_gg_svc_hashut_blessing_ksl	wh_main_effect_force_stat_ward_save	force_to_force_own	10	start_turn_completed
derpy_gg_svc_forge_sermons_ksl	wh_main_effect_public_order_events	region_to_province_own_unseen	4	start_turn_completed
derpy_gg_svc_zeal_ksl	wh_main_effect_force_stat_melee_attack	force_to_force_own	6	start_turn_completed
derpy_gg_svc_zeal_ksl	wh_main_effect_force_stat_charge_bonus_pct	force_to_force_own	10	start_turn_completed
derpy_gg_svc_purge_unclean_ksl	wh3_main_effect_corruption_reduction_events	region_to_province_own_unseen	-6	start_turn_completed
derpy_gg_svc_anathema_ksl	wh_main_effect_public_order_events	region_to_province_own_unseen	-6	start_turn_completed
derpy_gg_svc_holy_war_ksl	wh_main_effect_force_stat_leadership	faction_to_force_own	6	start_turn_completed
derpy_gg_svc_holy_war_ksl	wh_main_effect_force_stat_melee_attack	faction_to_force_own	4	start_turn_completed
derpy_gg_svc_miracle_ksl	wh_main_effect_force_stat_leadership	force_to_force_own	10	start_turn_completed
derpy_gg_svc_consecration_ksl	wh_main_effect_public_order_events	faction_to_province_own	4	start_turn_completed
derpy_gg_svc_consecration_ksl	wh3_main_effect_corruption_reduction_events	faction_to_province_own	-3	start_turn_completed
derpy_gg_rank_brass_2_def	wh_main_effect_economy_gdp_mod_all	faction_to_region_own	3	start_turn_completed
derpy_gg_rank_brass_3_def	wh_main_effect_economy_gdp_mod_all	faction_to_region_own	6	start_turn_completed
derpy_gg_rank_brass_4_def	wh_main_effect_economy_gdp_mod_all	faction_to_region_own	10	start_turn_completed
derpy_gg_rank_brass_5_def	wh_main_effect_economy_gdp_mod_all	faction_to_region_own	15	start_turn_completed
derpy_gg_lead_brass_def	wh_main_effect_economy_gdp_mod_all	faction_to_region_own	10	start_turn_completed
derpy_gg_rank_immortals_2_def	wh_main_effect_force_all_campaign_replenishment_rate	faction_to_force_own	3	start_turn_completed
derpy_gg_rank_immortals_3_def	wh_main_effect_force_all_campaign_replenishment_rate	faction_to_force_own	6	start_turn_completed
derpy_gg_rank_immortals_3_def	wh_main_effect_force_army_campaign_recruitment_points	faction_to_faction_own	1	start_turn_completed
derpy_gg_rank_immortals_4_def	wh_main_effect_force_all_campaign_replenishment_rate	faction_to_force_own	10	start_turn_completed
derpy_gg_rank_immortals_4_def	wh_main_effect_force_army_campaign_recruitment_points	faction_to_faction_own	2	start_turn_completed
derpy_gg_rank_immortals_5_def	wh_main_effect_force_all_campaign_replenishment_rate	faction_to_force_own	15	start_turn_completed
derpy_gg_rank_immortals_5_def	wh_main_effect_force_army_campaign_recruitment_points	faction_to_faction_own	3	start_turn_completed
derpy_gg_lead_immortals_def	wh_main_effect_force_all_campaign_replenishment_rate	faction_to_force_own	10	start_turn_completed
derpy_gg_rank_daemonsmiths_2_def	wh_main_effect_technology_research_rate_mod	faction_to_faction_own	3	start_turn_completed
derpy_gg_rank_daemonsmiths_3_def	wh_main_effect_technology_research_rate_mod	faction_to_faction_own	6	start_turn_completed
derpy_gg_rank_daemonsmiths_4_def	wh_main_effect_technology_research_rate_mod	faction_to_faction_own	10	start_turn_completed
derpy_gg_rank_daemonsmiths_5_def	wh_main_effect_technology_research_rate_mod	faction_to_faction_own	15	start_turn_completed
derpy_gg_lead_daemonsmiths_def	wh_main_effect_technology_research_rate_mod	faction_to_faction_own	10	start_turn_completed
derpy_gg_rank_khanate_2_def	wh_main_effect_agent_recruitment_cost_mod	faction_to_province_own	-3	start_turn_completed
derpy_gg_rank_khanate_3_def	wh_main_effect_agent_recruitment_cost_mod	faction_to_province_own	-6	start_turn_completed
derpy_gg_rank_khanate_4_def	wh_main_effect_agent_recruitment_cost_mod	faction_to_province_own	-10	start_turn_completed
derpy_gg_rank_khanate_5_def	wh_main_effect_agent_recruitment_cost_mod	faction_to_province_own	-15	start_turn_completed
derpy_gg_lead_khanate_def	wh_main_effect_agent_recruitment_cost_mod	faction_to_province_own	-10	start_turn_completed
derpy_gg_rank_overseers_2_def	wh2_dlc11_effect_building_construction_cost_mod_all_settlement	faction_to_region_own	-3	start_turn_completed
derpy_gg_rank_overseers_3_def	wh2_dlc11_effect_building_construction_cost_mod_all_settlement	faction_to_region_own	-6	start_turn_completed
derpy_gg_rank_overseers_4_def	wh2_dlc11_effect_building_construction_cost_mod_all_settlement	faction_to_region_own	-10	start_turn_completed
derpy_gg_rank_overseers_5_def	wh2_dlc11_effect_building_construction_cost_mod_all_settlement	faction_to_region_own	-15	start_turn_completed
derpy_gg_lead_overseers_def	wh2_dlc11_effect_building_construction_cost_mod_all_settlement	faction_to_region_own	-10	start_turn_completed
derpy_gg_rank_slavers_2_def	wh_main_effect_force_all_campaign_sacking_income	faction_to_faction_own	3	start_turn_completed
derpy_gg_rank_slavers_3_def	wh_main_effect_force_all_campaign_sacking_income	faction_to_faction_own	6	start_turn_completed
derpy_gg_rank_slavers_4_def	wh_main_effect_force_all_campaign_sacking_income	faction_to_faction_own	10	start_turn_completed
derpy_gg_rank_slavers_5_def	wh_main_effect_force_all_campaign_sacking_income	faction_to_faction_own	15	start_turn_completed
derpy_gg_lead_slavers_def	wh_main_effect_force_all_campaign_sacking_income	faction_to_faction_own	10	start_turn_completed
derpy_gg_rank_temple_2_def	wh_main_effect_force_stat_melee_attack	faction_to_force_own	2	start_turn_completed
derpy_gg_rank_temple_3_def	wh_main_effect_force_stat_melee_attack	faction_to_force_own	3	start_turn_completed
derpy_gg_rank_temple_4_def	wh_main_effect_force_stat_melee_attack	faction_to_force_own	4	start_turn_completed
derpy_gg_rank_temple_5_def	wh_main_effect_force_stat_melee_attack	faction_to_force_own	6	start_turn_completed
derpy_gg_lead_temple_def	wh_main_effect_force_stat_melee_attack	faction_to_force_own	4	start_turn_completed
derpy_gg_svc_writ_monopoly_def	wh_main_effect_economy_gdp_mod_all	faction_to_region_own	32	start_turn_completed
derpy_gg_svc_long_ledger_def	wh_main_effect_economy_gdp_mod_all	faction_to_region_own	45	start_turn_completed
derpy_gg_svc_oathbound_draft_def	wh_main_effect_force_all_campaign_replenishment_rate	faction_to_force_own	20	start_turn_completed
derpy_gg_svc_astragoths_levy_def	wh_main_effect_force_all_campaign_replenishment_rate	faction_to_force_own	45	start_turn_completed
derpy_gg_svc_forge_rite_def	wh_main_effect_technology_research_rate_mod	faction_to_faction_own	20	start_turn_completed
derpy_gg_svc_bound_ordnance_def	wh_main_effect_technology_research_rate_mod	faction_to_faction_own	45	start_turn_completed
derpy_gg_svc_knife_in_dark_def	wh_main_effect_agent_recruitment_cost_mod	faction_to_province_own	-32	start_turn_completed
derpy_gg_svc_khans_price_def	wh_main_effect_agent_recruitment_cost_mod	faction_to_province_own	45	start_turn_completed
derpy_gg_svc_lash_the_gangs_def	wh2_dlc11_effect_building_construction_cost_mod_all_settlement	faction_to_region_own	-20	start_turn_completed
derpy_gg_svc_works_of_zharr_def	wh2_dlc11_effect_building_construction_cost_mod_all_settlement	faction_to_region_own	-45	start_turn_completed
derpy_gg_svc_coffle_drive_def	wh_main_effect_force_all_campaign_sacking_income	faction_to_faction_own	20	start_turn_completed
derpy_gg_svc_great_coffle_def	wh_main_effect_force_all_campaign_sacking_income	faction_to_faction_own	45	start_turn_completed
derpy_gg_svc_alms_and_bribes_def	wh3_main_effect_corruption_reduction_events	faction_to_province_own	-5	start_turn_completed
derpy_gg_svc_mercenary_contract_def	wh_main_effect_force_all_campaign_recruitment_cost_all	faction_to_force_own	-15	start_turn_completed
derpy_gg_svc_guild_loan_def	wh_main_effect_economy_gdp_mod_all	faction_to_region_own	-10	start_turn_completed
derpy_gg_svc_industry_charter_def	wh_dlc07_effect_economy_gdp_mod_industry	faction_to_region_own	20	start_turn_completed
derpy_gg_svc_treasury_seal_def	wh_main_effect_force_all_campaign_upkeep	faction_to_force_own	-20	start_turn_completed
derpy_gg_svc_bought_peace_def	wh_main_effect_public_order_events	faction_to_province_own	3	start_turn_completed
derpy_gg_svc_forced_march_def	wh_main_effect_force_all_campaign_movement_range	force_to_force_own	20	start_turn_completed
derpy_gg_svc_drillmasters_def	wh_main_effect_force_all_campaign_experience_base_all	faction_to_force_own	1	start_turn_completed
derpy_gg_svc_battle_standard_def	wh_main_effect_force_stat_leadership	force_to_force_own	8	start_turn_completed
derpy_gg_svc_field_surgeons_def	wh_main_effect_force_all_campaign_replenishment_rate	force_to_force_own	30	start_turn_completed
derpy_gg_svc_veteran_cadre_def	wh_main_effect_force_all_campaign_experience_base_all	faction_to_force_own	3	start_turn_completed
derpy_gg_svc_ward_runes_def	wh_main_effect_force_stat_ward_save	force_to_force_own	10	start_turn_completed
derpy_gg_svc_spirit_siphon_def	wh3_main_effect_winds_of_magic_events	faction_to_force_own	5	start_turn_completed
derpy_gg_svc_forged_arms_def	wh_main_effect_force_stat_weapon_strength	faction_to_force_own	10	start_turn_completed
derpy_gg_svc_master_gunners_def	wh_main_effect_force_stat_missile_damage_artillery	faction_to_force_own	20	start_turn_completed
derpy_gg_svc_great_work_def	wh_main_effect_technology_research_rate_mod	faction_to_faction_own	30	start_turn_completed
derpy_gg_svc_arsenal_def	wh_main_effect_force_stat_missile_damage	faction_to_force_own	15	start_turn_completed
derpy_gg_svc_bribed_guards_def	wh_main_effect_agent_action_success_chance	faction_to_character_own	15	start_turn_completed
derpy_gg_svc_blooded_agents_def	wh_main_effect_agent_recruitment_xp_all_agents	faction_to_province_own	2	start_turn_completed
derpy_gg_svc_sow_discord_def	wh_main_effect_public_order_events	region_to_province_own_unseen	-8	start_turn_completed
derpy_gg_svc_web_of_whispers_def	wh2_main_effect_agent_cap_increase_all_heroes	faction_to_faction_own_unseen	1	start_turn_completed
derpy_gg_svc_poisoned_wells_def	wh_main_effect_province_growth_events	region_to_province_own	-25	start_turn_completed
derpy_gg_svc_poisoned_wells_def	wh_main_effect_force_all_campaign_replenishment_rate	region_to_force_own	-25	start_turn_completed
derpy_gg_svc_granaries_def	wh_main_effect_province_growth_events	region_to_province_own	25	start_turn_completed
derpy_gg_svc_road_gangs_def	wh_main_effect_force_all_campaign_movement_range	faction_to_force_own	10	start_turn_completed
derpy_gg_svc_enforcers_def	wh_main_effect_public_order_events	region_to_province_own_unseen	6	start_turn_completed
derpy_gg_svc_fortify_def	wh_main_effect_force_stat_melee_defence	region_to_force_own	10	start_turn_completed
derpy_gg_svc_fortify_def	wh_main_effect_force_army_campaign_siege_defend_attrition	region_to_force_own	-20	start_turn_completed
derpy_gg_svc_master_builders_def	wh3_main_effect_building_construction_time_add_mod_all	faction_to_region_own	-1	start_turn_completed
derpy_gg_svc_public_works_def	wh_main_effect_public_order_events	faction_to_province_own	4	start_turn_completed
derpy_gg_svc_public_works_def	wh_main_effect_province_growth_events	faction_to_province_own	30	start_turn_completed
derpy_gg_svc_raiding_parties_def	wh_main_effect_force_all_campaign_raid_income	faction_to_force_own	50	start_turn_completed
derpy_gg_svc_captive_markets_def	wh_main_effect_force_all_campaign_post_battle_loot_mod	faction_to_faction_own	20	start_turn_completed
derpy_gg_svc_slave_levy_def	wh_main_effect_unit_recruitment_points	faction_to_province_own	1	start_turn_completed
derpy_gg_svc_pit_fights_def	wh3_dlc20_effect_xp_gain_all_units	faction_to_force_own	25	start_turn_completed
derpy_gg_svc_great_hunt_def	wh_main_effect_force_all_campaign_movement_range	faction_to_force_own	15	start_turn_completed
derpy_gg_svc_great_hunt_def	wh_main_effect_force_all_campaign_raid_income	faction_to_force_own	50	start_turn_completed
derpy_gg_svc_scorched_earth_def	wh_main_effect_economy_gdp_mod_all	region_to_region_own	-25	start_turn_completed
derpy_gg_svc_black_ark_tithe_def	wh3_main_pooled_resource_def_slaves_buildings_gained	faction_to_faction_own_unseen	80	start_turn_completed
derpy_gg_svc_hashut_blessing_def	wh_main_effect_force_stat_ward_save	force_to_force_own	10	start_turn_completed
derpy_gg_svc_forge_sermons_def	wh_main_effect_public_order_events	region_to_province_own_unseen	4	start_turn_completed
derpy_gg_svc_zeal_def	wh_main_effect_force_stat_melee_attack	force_to_force_own	8	start_turn_completed
derpy_gg_svc_zeal_def	wh_main_effect_force_stat_weapon_strength	force_to_force_own	10	start_turn_completed
derpy_gg_svc_purge_unclean_def	wh3_main_effect_corruption_reduction_events	region_to_province_own_unseen	-6	start_turn_completed
derpy_gg_svc_anathema_def	wh_main_effect_public_order_events	region_to_province_own_unseen	-6	start_turn_completed
derpy_gg_svc_holy_war_def	wh_main_effect_force_stat_melee_attack	faction_to_force_own	4	start_turn_completed
derpy_gg_svc_holy_war_def	wh_main_effect_force_stat_leadership	faction_to_force_own	6	start_turn_completed
derpy_gg_svc_miracle_def	wh_main_effect_force_stat_leadership	force_to_force_own	10	start_turn_completed
derpy_gg_svc_consecration_def	wh_main_effect_public_order_events	faction_to_province_own	4	start_turn_completed
derpy_gg_svc_consecration_def	wh3_main_effect_corruption_reduction_events	faction_to_province_own	-3	start_turn_completed
derpy_gg_rank_brass_2_hef	wh_main_effect_economy_gdp_mod_all	faction_to_region_own	3	start_turn_completed
derpy_gg_rank_brass_3_hef	wh_main_effect_economy_gdp_mod_all	faction_to_region_own	6	start_turn_completed
derpy_gg_rank_brass_4_hef	wh_main_effect_economy_gdp_mod_all	faction_to_region_own	10	start_turn_completed
derpy_gg_rank_brass_5_hef	wh_main_effect_economy_gdp_mod_all	faction_to_region_own	15	start_turn_completed
derpy_gg_lead_brass_hef	wh_main_effect_economy_gdp_mod_all	faction_to_region_own	10	start_turn_completed
derpy_gg_rank_immortals_2_hef	wh_main_effect_force_all_campaign_replenishment_rate	faction_to_force_own	3	start_turn_completed
derpy_gg_rank_immortals_3_hef	wh_main_effect_force_all_campaign_replenishment_rate	faction_to_force_own	6	start_turn_completed
derpy_gg_rank_immortals_3_hef	wh_main_effect_force_army_campaign_recruitment_points	faction_to_faction_own	1	start_turn_completed
derpy_gg_rank_immortals_4_hef	wh_main_effect_force_all_campaign_replenishment_rate	faction_to_force_own	10	start_turn_completed
derpy_gg_rank_immortals_4_hef	wh_main_effect_force_army_campaign_recruitment_points	faction_to_faction_own	2	start_turn_completed
derpy_gg_rank_immortals_5_hef	wh_main_effect_force_all_campaign_replenishment_rate	faction_to_force_own	15	start_turn_completed
derpy_gg_rank_immortals_5_hef	wh_main_effect_force_army_campaign_recruitment_points	faction_to_faction_own	3	start_turn_completed
derpy_gg_lead_immortals_hef	wh_main_effect_force_all_campaign_replenishment_rate	faction_to_force_own	10	start_turn_completed
derpy_gg_rank_daemonsmiths_2_hef	wh_main_effect_technology_research_rate_mod	faction_to_faction_own	3	start_turn_completed
derpy_gg_rank_daemonsmiths_3_hef	wh_main_effect_technology_research_rate_mod	faction_to_faction_own	6	start_turn_completed
derpy_gg_rank_daemonsmiths_4_hef	wh_main_effect_technology_research_rate_mod	faction_to_faction_own	10	start_turn_completed
derpy_gg_rank_daemonsmiths_5_hef	wh_main_effect_technology_research_rate_mod	faction_to_faction_own	15	start_turn_completed
derpy_gg_lead_daemonsmiths_hef	wh_main_effect_technology_research_rate_mod	faction_to_faction_own	10	start_turn_completed
derpy_gg_rank_khanate_2_hef	wh_main_effect_agent_recruitment_cost_mod	faction_to_province_own	-3	start_turn_completed
derpy_gg_rank_khanate_3_hef	wh_main_effect_agent_recruitment_cost_mod	faction_to_province_own	-6	start_turn_completed
derpy_gg_rank_khanate_4_hef	wh_main_effect_agent_recruitment_cost_mod	faction_to_province_own	-10	start_turn_completed
derpy_gg_rank_khanate_5_hef	wh_main_effect_agent_recruitment_cost_mod	faction_to_province_own	-15	start_turn_completed
derpy_gg_lead_khanate_hef	wh_main_effect_agent_recruitment_cost_mod	faction_to_province_own	-10	start_turn_completed
derpy_gg_rank_overseers_2_hef	wh2_dlc11_effect_building_construction_cost_mod_all_settlement	faction_to_region_own	-3	start_turn_completed
derpy_gg_rank_overseers_3_hef	wh2_dlc11_effect_building_construction_cost_mod_all_settlement	faction_to_region_own	-6	start_turn_completed
derpy_gg_rank_overseers_4_hef	wh2_dlc11_effect_building_construction_cost_mod_all_settlement	faction_to_region_own	-10	start_turn_completed
derpy_gg_rank_overseers_5_hef	wh2_dlc11_effect_building_construction_cost_mod_all_settlement	faction_to_region_own	-15	start_turn_completed
derpy_gg_lead_overseers_hef	wh2_dlc11_effect_building_construction_cost_mod_all_settlement	faction_to_region_own	-10	start_turn_completed
derpy_gg_rank_slavers_2_hef	wh_main_effect_force_all_campaign_sacking_income	faction_to_faction_own	3	start_turn_completed
derpy_gg_rank_slavers_3_hef	wh_main_effect_force_all_campaign_sacking_income	faction_to_faction_own	6	start_turn_completed
derpy_gg_rank_slavers_4_hef	wh_main_effect_force_all_campaign_sacking_income	faction_to_faction_own	10	start_turn_completed
derpy_gg_rank_slavers_5_hef	wh_main_effect_force_all_campaign_sacking_income	faction_to_faction_own	15	start_turn_completed
derpy_gg_lead_slavers_hef	wh_main_effect_force_all_campaign_sacking_income	faction_to_faction_own	10	start_turn_completed
derpy_gg_rank_temple_2_hef	wh_main_effect_force_stat_ward_save	faction_to_force_own	2	start_turn_completed
derpy_gg_rank_temple_3_hef	wh_main_effect_force_stat_ward_save	faction_to_force_own	4	start_turn_completed
derpy_gg_rank_temple_4_hef	wh_main_effect_force_stat_ward_save	faction_to_force_own	6	start_turn_completed
derpy_gg_rank_temple_5_hef	wh_main_effect_force_stat_ward_save	faction_to_force_own	8	start_turn_completed
derpy_gg_lead_temple_hef	wh_main_effect_force_stat_ward_save	faction_to_force_own	5	start_turn_completed
derpy_gg_svc_writ_monopoly_hef	wh_main_effect_economy_gdp_mod_all	faction_to_region_own	32	start_turn_completed
derpy_gg_svc_long_ledger_hef	wh_main_effect_economy_gdp_mod_all	faction_to_region_own	45	start_turn_completed
derpy_gg_svc_oathbound_draft_hef	wh_main_effect_force_all_campaign_replenishment_rate	faction_to_force_own	20	start_turn_completed
derpy_gg_svc_astragoths_levy_hef	wh_main_effect_force_all_campaign_replenishment_rate	faction_to_force_own	45	start_turn_completed
derpy_gg_svc_forge_rite_hef	wh_main_effect_technology_research_rate_mod	faction_to_faction_own	20	start_turn_completed
derpy_gg_svc_bound_ordnance_hef	wh_main_effect_technology_research_rate_mod	faction_to_faction_own	45	start_turn_completed
derpy_gg_svc_knife_in_dark_hef	wh_main_effect_agent_recruitment_cost_mod	faction_to_province_own	-32	start_turn_completed
derpy_gg_svc_khans_price_hef	wh_main_effect_agent_recruitment_cost_mod	faction_to_province_own	45	start_turn_completed
derpy_gg_svc_lash_the_gangs_hef	wh2_dlc11_effect_building_construction_cost_mod_all_settlement	faction_to_region_own	-20	start_turn_completed
derpy_gg_svc_works_of_zharr_hef	wh2_dlc11_effect_building_construction_cost_mod_all_settlement	faction_to_region_own	-45	start_turn_completed
derpy_gg_svc_coffle_drive_hef	wh_main_effect_force_all_campaign_sacking_income	faction_to_faction_own	20	start_turn_completed
derpy_gg_svc_great_coffle_hef	wh_main_effect_force_all_campaign_sacking_income	faction_to_faction_own	45	start_turn_completed
derpy_gg_svc_alms_and_bribes_hef	wh3_main_effect_corruption_reduction_events	faction_to_province_own	-5	start_turn_completed
derpy_gg_svc_mercenary_contract_hef	wh_main_effect_force_all_campaign_recruitment_cost_all	faction_to_force_own	-15	start_turn_completed
derpy_gg_svc_guild_loan_hef	wh_main_effect_economy_gdp_mod_all	faction_to_region_own	-10	start_turn_completed
derpy_gg_svc_industry_charter_hef	wh_dlc07_effect_economy_gdp_mod_industry	faction_to_region_own	20	start_turn_completed
derpy_gg_svc_treasury_seal_hef	wh_main_effect_force_all_campaign_upkeep	faction_to_force_own	-20	start_turn_completed
derpy_gg_svc_bought_peace_hef	wh_main_effect_public_order_events	faction_to_province_own	3	start_turn_completed
derpy_gg_svc_forced_march_hef	wh_main_effect_force_all_campaign_movement_range	force_to_force_own	20	start_turn_completed
derpy_gg_svc_drillmasters_hef	wh_main_effect_force_all_campaign_experience_base_all	faction_to_force_own	1	start_turn_completed
derpy_gg_svc_battle_standard_hef	wh_main_effect_force_stat_leadership	force_to_force_own	8	start_turn_completed
derpy_gg_svc_field_surgeons_hef	wh_main_effect_force_all_campaign_replenishment_rate	force_to_force_own	30	start_turn_completed
derpy_gg_svc_veteran_cadre_hef	wh_main_effect_force_all_campaign_experience_base_all	faction_to_force_own	3	start_turn_completed
derpy_gg_svc_ward_runes_hef	wh_main_effect_force_stat_ward_save	force_to_force_own	10	start_turn_completed
derpy_gg_svc_spirit_siphon_hef	wh3_main_effect_winds_of_magic_events	faction_to_force_own	5	start_turn_completed
derpy_gg_svc_forged_arms_hef	wh_main_effect_force_stat_weapon_strength	faction_to_force_own	10	start_turn_completed
derpy_gg_svc_master_gunners_hef	wh_main_effect_force_stat_missile_damage_artillery	faction_to_force_own	20	start_turn_completed
derpy_gg_svc_great_work_hef	wh_main_effect_technology_research_rate_mod	faction_to_faction_own	30	start_turn_completed
derpy_gg_svc_arsenal_hef	wh_main_effect_force_stat_missile_damage	faction_to_force_own	15	start_turn_completed
derpy_gg_svc_bribed_guards_hef	wh_main_effect_agent_action_success_chance	faction_to_character_own	15	start_turn_completed
derpy_gg_svc_blooded_agents_hef	wh_main_effect_agent_recruitment_xp_all_agents	faction_to_province_own	2	start_turn_completed
derpy_gg_svc_sow_discord_hef	wh_main_effect_public_order_events	region_to_province_own_unseen	-8	start_turn_completed
derpy_gg_svc_web_of_whispers_hef	wh2_main_effect_agent_cap_increase_all_heroes	faction_to_faction_own_unseen	1	start_turn_completed
derpy_gg_svc_poisoned_wells_hef	wh_main_effect_province_growth_events	region_to_province_own	-25	start_turn_completed
derpy_gg_svc_poisoned_wells_hef	wh_main_effect_force_all_campaign_replenishment_rate	region_to_force_own	-25	start_turn_completed
derpy_gg_svc_granaries_hef	wh_main_effect_province_growth_events	region_to_province_own	25	start_turn_completed
derpy_gg_svc_road_gangs_hef	wh_main_effect_force_all_campaign_movement_range	faction_to_force_own	10	start_turn_completed
derpy_gg_svc_enforcers_hef	wh_main_effect_public_order_events	region_to_province_own_unseen	6	start_turn_completed
derpy_gg_svc_fortify_hef	wh_main_effect_force_stat_melee_defence	region_to_force_own	10	start_turn_completed
derpy_gg_svc_fortify_hef	wh_main_effect_force_army_campaign_siege_defend_attrition	region_to_force_own	-20	start_turn_completed
derpy_gg_svc_master_builders_hef	wh3_main_effect_building_construction_time_add_mod_all	faction_to_region_own	-1	start_turn_completed
derpy_gg_svc_public_works_hef	wh_main_effect_public_order_events	faction_to_province_own	4	start_turn_completed
derpy_gg_svc_public_works_hef	wh_main_effect_province_growth_events	faction_to_province_own	30	start_turn_completed
derpy_gg_svc_raiding_parties_hef	wh_main_effect_force_all_campaign_raid_income	faction_to_force_own	50	start_turn_completed
derpy_gg_svc_captive_markets_hef	wh_main_effect_force_all_campaign_post_battle_loot_mod	faction_to_faction_own	20	start_turn_completed
derpy_gg_svc_slave_levy_hef	wh_main_effect_unit_recruitment_points	faction_to_province_own	1	start_turn_completed
derpy_gg_svc_pit_fights_hef	wh3_dlc20_effect_xp_gain_all_units	faction_to_force_own	25	start_turn_completed
derpy_gg_svc_great_hunt_hef	wh_main_effect_force_all_campaign_movement_range	faction_to_force_own	15	start_turn_completed
derpy_gg_svc_great_hunt_hef	wh_main_effect_force_all_campaign_raid_income	faction_to_force_own	50	start_turn_completed
derpy_gg_svc_scorched_earth_hef	wh_main_effect_economy_gdp_mod_all	region_to_region_own	-25	start_turn_completed
derpy_gg_svc_hashut_blessing_hef	wh_main_effect_force_stat_ward_save	force_to_force_own	15	start_turn_completed
derpy_gg_svc_forge_sermons_hef	wh_main_effect_public_order_events	region_to_province_own_unseen	4	start_turn_completed
derpy_gg_svc_zeal_hef	wh2_dlc14_effect_magic_cost_all_lores_percentage	force_to_force_own	-20	start_turn_completed
derpy_gg_svc_zeal_hef	wh3_main_effect_winds_of_magic_events	force_to_force_own	5	start_turn_completed
derpy_gg_svc_purge_unclean_hef	wh3_main_effect_corruption_reduction_events	region_to_province_own_unseen	-6	start_turn_completed
derpy_gg_svc_anathema_hef	wh_main_effect_public_order_events	region_to_province_own_unseen	-6	start_turn_completed
derpy_gg_svc_holy_war_hef	wh_main_effect_force_stat_leadership	faction_to_force_own	6	start_turn_completed
derpy_gg_svc_holy_war_hef	wh_main_effect_force_stat_magic_resistance	faction_to_force_own	10	start_turn_completed
derpy_gg_svc_miracle_hef	wh_main_effect_force_stat_leadership	force_to_force_own	10	start_turn_completed
derpy_gg_svc_consecration_hef	wh_main_effect_public_order_events	faction_to_province_own	4	start_turn_completed
derpy_gg_svc_consecration_hef	wh3_main_effect_corruption_reduction_events	faction_to_province_own	-3	start_turn_completed
derpy_gg_rank_brass_2_skv	wh_main_effect_economy_gdp_mod_all	faction_to_region_own	3	start_turn_completed
derpy_gg_rank_brass_3_skv	wh_main_effect_economy_gdp_mod_all	faction_to_region_own	6	start_turn_completed
derpy_gg_rank_brass_4_skv	wh_main_effect_economy_gdp_mod_all	faction_to_region_own	10	start_turn_completed
derpy_gg_rank_brass_5_skv	wh_main_effect_economy_gdp_mod_all	faction_to_region_own	15	start_turn_completed
derpy_gg_lead_brass_skv	wh_main_effect_economy_gdp_mod_all	faction_to_region_own	10	start_turn_completed
derpy_gg_rank_immortals_2_skv	wh_main_effect_force_all_campaign_replenishment_rate	faction_to_force_own	3	start_turn_completed
derpy_gg_rank_immortals_3_skv	wh_main_effect_force_all_campaign_replenishment_rate	faction_to_force_own	6	start_turn_completed
derpy_gg_rank_immortals_3_skv	wh_main_effect_force_army_campaign_recruitment_points	faction_to_faction_own	1	start_turn_completed
derpy_gg_rank_immortals_4_skv	wh_main_effect_force_all_campaign_replenishment_rate	faction_to_force_own	10	start_turn_completed
derpy_gg_rank_immortals_4_skv	wh_main_effect_force_army_campaign_recruitment_points	faction_to_faction_own	2	start_turn_completed
derpy_gg_rank_immortals_5_skv	wh_main_effect_force_all_campaign_replenishment_rate	faction_to_force_own	15	start_turn_completed
derpy_gg_rank_immortals_5_skv	wh_main_effect_force_army_campaign_recruitment_points	faction_to_faction_own	3	start_turn_completed
derpy_gg_lead_immortals_skv	wh_main_effect_force_all_campaign_replenishment_rate	faction_to_force_own	10	start_turn_completed
derpy_gg_rank_daemonsmiths_2_skv	wh_main_effect_technology_research_rate_mod	faction_to_faction_own	3	start_turn_completed
derpy_gg_rank_daemonsmiths_3_skv	wh_main_effect_technology_research_rate_mod	faction_to_faction_own	6	start_turn_completed
derpy_gg_rank_daemonsmiths_4_skv	wh_main_effect_technology_research_rate_mod	faction_to_faction_own	10	start_turn_completed
derpy_gg_rank_daemonsmiths_5_skv	wh_main_effect_technology_research_rate_mod	faction_to_faction_own	15	start_turn_completed
derpy_gg_lead_daemonsmiths_skv	wh_main_effect_technology_research_rate_mod	faction_to_faction_own	10	start_turn_completed
derpy_gg_rank_khanate_2_skv	wh_main_effect_agent_recruitment_cost_mod	faction_to_province_own	-3	start_turn_completed
derpy_gg_rank_khanate_3_skv	wh_main_effect_agent_recruitment_cost_mod	faction_to_province_own	-6	start_turn_completed
derpy_gg_rank_khanate_4_skv	wh_main_effect_agent_recruitment_cost_mod	faction_to_province_own	-10	start_turn_completed
derpy_gg_rank_khanate_5_skv	wh_main_effect_agent_recruitment_cost_mod	faction_to_province_own	-15	start_turn_completed
derpy_gg_lead_khanate_skv	wh_main_effect_agent_recruitment_cost_mod	faction_to_province_own	-10	start_turn_completed
derpy_gg_rank_overseers_2_skv	wh2_dlc11_effect_building_construction_cost_mod_all_settlement	faction_to_region_own	-3	start_turn_completed
derpy_gg_rank_overseers_3_skv	wh2_dlc11_effect_building_construction_cost_mod_all_settlement	faction_to_region_own	-6	start_turn_completed
derpy_gg_rank_overseers_4_skv	wh2_dlc11_effect_building_construction_cost_mod_all_settlement	faction_to_region_own	-10	start_turn_completed
derpy_gg_rank_overseers_5_skv	wh2_dlc11_effect_building_construction_cost_mod_all_settlement	faction_to_region_own	-15	start_turn_completed
derpy_gg_lead_overseers_skv	wh2_dlc11_effect_building_construction_cost_mod_all_settlement	faction_to_region_own	-10	start_turn_completed
derpy_gg_rank_slavers_2_skv	wh_main_effect_force_all_campaign_sacking_income	faction_to_faction_own	3	start_turn_completed
derpy_gg_rank_slavers_3_skv	wh_main_effect_force_all_campaign_sacking_income	faction_to_faction_own	6	start_turn_completed
derpy_gg_rank_slavers_4_skv	wh_main_effect_force_all_campaign_sacking_income	faction_to_faction_own	10	start_turn_completed
derpy_gg_rank_slavers_5_skv	wh_main_effect_force_all_campaign_sacking_income	faction_to_faction_own	15	start_turn_completed
derpy_gg_lead_slavers_skv	wh_main_effect_force_all_campaign_sacking_income	faction_to_faction_own	10	start_turn_completed
derpy_gg_rank_temple_2_skv	wh3_main_effect_winds_of_magic_pool_cap	faction_to_force_own	3	start_turn_completed
derpy_gg_rank_temple_3_skv	wh3_main_effect_winds_of_magic_pool_cap	faction_to_force_own	6	start_turn_completed
derpy_gg_rank_temple_4_skv	wh3_main_effect_winds_of_magic_pool_cap	faction_to_force_own	10	start_turn_completed
derpy_gg_rank_temple_5_skv	wh3_main_effect_winds_of_magic_pool_cap	faction_to_force_own	15	start_turn_completed
derpy_gg_lead_temple_skv	wh3_main_effect_winds_of_magic_pool_cap	faction_to_force_own	10	start_turn_completed
derpy_gg_svc_writ_monopoly_skv	wh_main_effect_economy_gdp_mod_all	faction_to_region_own	32	start_turn_completed
derpy_gg_svc_long_ledger_skv	wh_main_effect_economy_gdp_mod_all	faction_to_region_own	45	start_turn_completed
derpy_gg_svc_oathbound_draft_skv	wh_main_effect_force_all_campaign_replenishment_rate	faction_to_force_own	20	start_turn_completed
derpy_gg_svc_astragoths_levy_skv	wh_main_effect_force_all_campaign_replenishment_rate	faction_to_force_own	45	start_turn_completed
derpy_gg_svc_forge_rite_skv	wh_main_effect_technology_research_rate_mod	faction_to_faction_own	20	start_turn_completed
derpy_gg_svc_bound_ordnance_skv	wh_main_effect_technology_research_rate_mod	faction_to_faction_own	45	start_turn_completed
derpy_gg_svc_knife_in_dark_skv	wh_main_effect_agent_recruitment_cost_mod	faction_to_province_own	-32	start_turn_completed
derpy_gg_svc_khans_price_skv	wh_main_effect_agent_recruitment_cost_mod	faction_to_province_own	45	start_turn_completed
derpy_gg_svc_lash_the_gangs_skv	wh2_dlc11_effect_building_construction_cost_mod_all_settlement	faction_to_region_own	-20	start_turn_completed
derpy_gg_svc_works_of_zharr_skv	wh2_dlc11_effect_building_construction_cost_mod_all_settlement	faction_to_region_own	-45	start_turn_completed
derpy_gg_svc_coffle_drive_skv	wh_main_effect_force_all_campaign_sacking_income	faction_to_faction_own	20	start_turn_completed
derpy_gg_svc_great_coffle_skv	wh_main_effect_force_all_campaign_sacking_income	faction_to_faction_own	45	start_turn_completed
derpy_gg_svc_alms_and_bribes_skv	wh3_main_effect_corruption_skaven_events	faction_to_province_own	5	start_turn_completed
derpy_gg_svc_mercenary_contract_skv	wh_main_effect_force_all_campaign_recruitment_cost_all	faction_to_force_own	-15	start_turn_completed
derpy_gg_svc_guild_loan_skv	wh_main_effect_economy_gdp_mod_all	faction_to_region_own	-10	start_turn_completed
derpy_gg_svc_industry_charter_skv	wh_dlc07_effect_economy_gdp_mod_industry	faction_to_region_own	20	start_turn_completed
derpy_gg_svc_treasury_seal_skv	wh_main_effect_force_all_campaign_upkeep	faction_to_force_own	-20	start_turn_completed
derpy_gg_svc_bought_peace_skv	wh_main_effect_public_order_events	faction_to_province_own	3	start_turn_completed
derpy_gg_svc_forced_march_skv	wh_main_effect_force_all_campaign_movement_range	force_to_force_own	20	start_turn_completed
derpy_gg_svc_drillmasters_skv	wh_main_effect_force_all_campaign_experience_base_all	faction_to_force_own	1	start_turn_completed
derpy_gg_svc_battle_standard_skv	wh_main_effect_force_stat_leadership	force_to_force_own	8	start_turn_completed
derpy_gg_svc_field_surgeons_skv	wh_main_effect_force_all_campaign_replenishment_rate	force_to_force_own	30	start_turn_completed
derpy_gg_svc_veteran_cadre_skv	wh_main_effect_force_all_campaign_experience_base_all	faction_to_force_own	3	start_turn_completed
derpy_gg_svc_ward_runes_skv	wh_main_effect_force_stat_ward_save	force_to_force_own	10	start_turn_completed
derpy_gg_svc_spirit_siphon_skv	wh3_main_effect_winds_of_magic_events	faction_to_force_own	5	start_turn_completed
derpy_gg_svc_forged_arms_skv	wh_main_effect_force_stat_weapon_strength	faction_to_force_own	10	start_turn_completed
derpy_gg_svc_master_gunners_skv	wh_main_effect_force_stat_missile_damage_artillery	faction_to_force_own	20	start_turn_completed
derpy_gg_svc_great_work_skv	wh_main_effect_technology_research_rate_mod	faction_to_faction_own	30	start_turn_completed
derpy_gg_svc_arsenal_skv	wh_main_effect_force_stat_missile_damage	faction_to_force_own	15	start_turn_completed
derpy_gg_svc_bribed_guards_skv	wh_main_effect_agent_action_success_chance	faction_to_character_own	15	start_turn_completed
derpy_gg_svc_blooded_agents_skv	wh_main_effect_agent_recruitment_xp_all_agents	faction_to_province_own	2	start_turn_completed
derpy_gg_svc_sow_discord_skv	wh_main_effect_public_order_events	region_to_province_own_unseen	-8	start_turn_completed
derpy_gg_svc_web_of_whispers_skv	wh2_main_effect_agent_cap_increase_all_heroes	faction_to_faction_own_unseen	1	start_turn_completed
derpy_gg_svc_poisoned_wells_skv	wh_main_effect_province_growth_events	region_to_province_own	-25	start_turn_completed
derpy_gg_svc_poisoned_wells_skv	wh_main_effect_force_all_campaign_replenishment_rate	region_to_force_own	-25	start_turn_completed
derpy_gg_svc_granaries_skv	wh_main_effect_province_growth_events	region_to_province_own	25	start_turn_completed
derpy_gg_svc_road_gangs_skv	wh_main_effect_force_all_campaign_movement_range	faction_to_force_own	10	start_turn_completed
derpy_gg_svc_enforcers_skv	wh_main_effect_public_order_events	region_to_province_own_unseen	6	start_turn_completed
derpy_gg_svc_fortify_skv	wh_main_effect_force_stat_melee_defence	region_to_force_own	10	start_turn_completed
derpy_gg_svc_fortify_skv	wh_main_effect_force_army_campaign_siege_defend_attrition	region_to_force_own	-20	start_turn_completed
derpy_gg_svc_master_builders_skv	wh3_main_effect_building_construction_time_add_mod_all	faction_to_region_own	-1	start_turn_completed
derpy_gg_svc_public_works_skv	wh_main_effect_public_order_events	faction_to_province_own	4	start_turn_completed
derpy_gg_svc_public_works_skv	wh_main_effect_province_growth_events	faction_to_province_own	30	start_turn_completed
derpy_gg_svc_raiding_parties_skv	wh_main_effect_force_all_campaign_raid_income	faction_to_force_own	50	start_turn_completed
derpy_gg_svc_captive_markets_skv	wh_main_effect_force_all_campaign_post_battle_loot_mod	faction_to_faction_own	20	start_turn_completed
derpy_gg_svc_slave_levy_skv	wh_main_effect_unit_recruitment_points	faction_to_province_own	1	start_turn_completed
derpy_gg_svc_pit_fights_skv	wh3_dlc20_effect_xp_gain_all_units	faction_to_force_own	25	start_turn_completed
derpy_gg_svc_great_hunt_skv	wh_main_effect_force_all_campaign_movement_range	faction_to_force_own	15	start_turn_completed
derpy_gg_svc_great_hunt_skv	wh_main_effect_force_all_campaign_raid_income	faction_to_force_own	50	start_turn_completed
derpy_gg_svc_scorched_earth_skv	wh_main_effect_economy_gdp_mod_all	region_to_region_own	-25	start_turn_completed
derpy_gg_svc_hashut_blessing_skv	wh2_dlc14_effect_magic_cost_all_lores_percentage	force_to_force_own	-20	start_turn_completed
derpy_gg_svc_forge_sermons_skv	wh_main_effect_public_order_events	region_to_province_own_unseen	4	start_turn_completed
derpy_gg_svc_zeal_skv	wh_main_effect_force_stat_melee_attack	force_to_force_own	6	start_turn_completed
derpy_gg_svc_zeal_skv	wh_main_effect_force_stat_charge_bonus_pct	force_to_force_own	10	start_turn_completed
derpy_gg_svc_purge_unclean_skv	wh_main_effect_public_order_events	region_to_province_own_unseen	6	start_turn_completed
derpy_gg_svc_anathema_skv	wh_main_effect_public_order_events	region_to_province_own_unseen	-6	start_turn_completed
derpy_gg_svc_holy_war_skv	wh3_main_effect_winds_of_magic_events	faction_to_force_own	5	start_turn_completed
derpy_gg_svc_holy_war_skv	wh_main_effect_character_stat_miscast	faction_to_force_own	-10	start_turn_completed
derpy_gg_svc_miracle_skv	wh_main_effect_force_stat_leadership	force_to_force_own	10	start_turn_completed
derpy_gg_svc_consecration_skv	wh_main_effect_public_order_events	faction_to_province_own	4	start_turn_completed
derpy_gg_svc_breeding_season_skv	wh2_main_pooled_resource_skaven_food_rite	faction_to_faction_own_unseen	3	start_turn_completed
derpy_gg_rank_brass_2_gen	wh_main_effect_economy_gdp_mod_all	faction_to_region_own	3	start_turn_completed
derpy_gg_rank_brass_3_gen	wh_main_effect_economy_gdp_mod_all	faction_to_region_own	6	start_turn_completed
derpy_gg_rank_brass_4_gen	wh_main_effect_economy_gdp_mod_all	faction_to_region_own	10	start_turn_completed
derpy_gg_rank_brass_5_gen	wh_main_effect_economy_gdp_mod_all	faction_to_region_own	15	start_turn_completed
derpy_gg_lead_brass_gen	wh_main_effect_economy_gdp_mod_all	faction_to_region_own	10	start_turn_completed
derpy_gg_rank_immortals_2_gen	wh_main_effect_force_all_campaign_replenishment_rate	faction_to_force_own	3	start_turn_completed
derpy_gg_rank_immortals_3_gen	wh_main_effect_force_all_campaign_replenishment_rate	faction_to_force_own	6	start_turn_completed
derpy_gg_rank_immortals_3_gen	wh_main_effect_force_army_campaign_recruitment_points	faction_to_faction_own	1	start_turn_completed
derpy_gg_rank_immortals_4_gen	wh_main_effect_force_all_campaign_replenishment_rate	faction_to_force_own	10	start_turn_completed
derpy_gg_rank_immortals_4_gen	wh_main_effect_force_army_campaign_recruitment_points	faction_to_faction_own	2	start_turn_completed
derpy_gg_rank_immortals_5_gen	wh_main_effect_force_all_campaign_replenishment_rate	faction_to_force_own	15	start_turn_completed
derpy_gg_rank_immortals_5_gen	wh_main_effect_force_army_campaign_recruitment_points	faction_to_faction_own	3	start_turn_completed
derpy_gg_lead_immortals_gen	wh_main_effect_force_all_campaign_replenishment_rate	faction_to_force_own	10	start_turn_completed
derpy_gg_rank_daemonsmiths_2_gen	wh_main_effect_technology_research_rate_mod	faction_to_faction_own	3	start_turn_completed
derpy_gg_rank_daemonsmiths_3_gen	wh_main_effect_technology_research_rate_mod	faction_to_faction_own	6	start_turn_completed
derpy_gg_rank_daemonsmiths_4_gen	wh_main_effect_technology_research_rate_mod	faction_to_faction_own	10	start_turn_completed
derpy_gg_rank_daemonsmiths_5_gen	wh_main_effect_technology_research_rate_mod	faction_to_faction_own	15	start_turn_completed
derpy_gg_lead_daemonsmiths_gen	wh_main_effect_technology_research_rate_mod	faction_to_faction_own	10	start_turn_completed
derpy_gg_rank_khanate_2_gen	wh_main_effect_agent_recruitment_cost_mod	faction_to_province_own	-3	start_turn_completed
derpy_gg_rank_khanate_3_gen	wh_main_effect_agent_recruitment_cost_mod	faction_to_province_own	-6	start_turn_completed
derpy_gg_rank_khanate_4_gen	wh_main_effect_agent_recruitment_cost_mod	faction_to_province_own	-10	start_turn_completed
derpy_gg_rank_khanate_5_gen	wh_main_effect_agent_recruitment_cost_mod	faction_to_province_own	-15	start_turn_completed
derpy_gg_lead_khanate_gen	wh_main_effect_agent_recruitment_cost_mod	faction_to_province_own	-10	start_turn_completed
derpy_gg_rank_overseers_2_gen	wh2_dlc11_effect_building_construction_cost_mod_all_settlement	faction_to_region_own	-3	start_turn_completed
derpy_gg_rank_overseers_3_gen	wh2_dlc11_effect_building_construction_cost_mod_all_settlement	faction_to_region_own	-6	start_turn_completed
derpy_gg_rank_overseers_4_gen	wh2_dlc11_effect_building_construction_cost_mod_all_settlement	faction_to_region_own	-10	start_turn_completed
derpy_gg_rank_overseers_5_gen	wh2_dlc11_effect_building_construction_cost_mod_all_settlement	faction_to_region_own	-15	start_turn_completed
derpy_gg_lead_overseers_gen	wh2_dlc11_effect_building_construction_cost_mod_all_settlement	faction_to_region_own	-10	start_turn_completed
derpy_gg_rank_slavers_2_gen	wh_main_effect_force_all_campaign_sacking_income	faction_to_faction_own	3	start_turn_completed
derpy_gg_rank_slavers_3_gen	wh_main_effect_force_all_campaign_sacking_income	faction_to_faction_own	6	start_turn_completed
derpy_gg_rank_slavers_4_gen	wh_main_effect_force_all_campaign_sacking_income	faction_to_faction_own	10	start_turn_completed
derpy_gg_rank_slavers_5_gen	wh_main_effect_force_all_campaign_sacking_income	faction_to_faction_own	15	start_turn_completed
derpy_gg_lead_slavers_gen	wh_main_effect_force_all_campaign_sacking_income	faction_to_faction_own	10	start_turn_completed
derpy_gg_rank_temple_2_gen	wh_main_effect_force_stat_leadership	faction_to_force_own	2	start_turn_completed
derpy_gg_rank_temple_3_gen	wh_main_effect_force_stat_leadership	faction_to_force_own	4	start_turn_completed
derpy_gg_rank_temple_4_gen	wh_main_effect_force_stat_leadership	faction_to_force_own	6	start_turn_completed
derpy_gg_rank_temple_5_gen	wh_main_effect_force_stat_leadership	faction_to_force_own	8	start_turn_completed
derpy_gg_lead_temple_gen	wh_main_effect_force_stat_leadership	faction_to_force_own	5	start_turn_completed
derpy_gg_svc_writ_monopoly_gen	wh_main_effect_economy_gdp_mod_all	faction_to_region_own	32	start_turn_completed
derpy_gg_svc_long_ledger_gen	wh_main_effect_economy_gdp_mod_all	faction_to_region_own	45	start_turn_completed
derpy_gg_svc_oathbound_draft_gen	wh_main_effect_force_all_campaign_replenishment_rate	faction_to_force_own	20	start_turn_completed
derpy_gg_svc_astragoths_levy_gen	wh_main_effect_force_all_campaign_replenishment_rate	faction_to_force_own	45	start_turn_completed
derpy_gg_svc_forge_rite_gen	wh_main_effect_technology_research_rate_mod	faction_to_faction_own	20	start_turn_completed
derpy_gg_svc_bound_ordnance_gen	wh_main_effect_technology_research_rate_mod	faction_to_faction_own	45	start_turn_completed
derpy_gg_svc_knife_in_dark_gen	wh_main_effect_agent_recruitment_cost_mod	faction_to_province_own	-32	start_turn_completed
derpy_gg_svc_khans_price_gen	wh_main_effect_agent_recruitment_cost_mod	faction_to_province_own	45	start_turn_completed
derpy_gg_svc_lash_the_gangs_gen	wh2_dlc11_effect_building_construction_cost_mod_all_settlement	faction_to_region_own	-20	start_turn_completed
derpy_gg_svc_works_of_zharr_gen	wh2_dlc11_effect_building_construction_cost_mod_all_settlement	faction_to_region_own	-45	start_turn_completed
derpy_gg_svc_coffle_drive_gen	wh_main_effect_force_all_campaign_sacking_income	faction_to_faction_own	20	start_turn_completed
derpy_gg_svc_great_coffle_gen	wh_main_effect_force_all_campaign_sacking_income	faction_to_faction_own	45	start_turn_completed
derpy_gg_svc_alms_and_bribes_gen	wh3_main_effect_corruption_reduction_events	faction_to_province_own	-5	start_turn_completed
derpy_gg_svc_mercenary_contract_gen	wh_main_effect_force_all_campaign_recruitment_cost_all	faction_to_force_own	-15	start_turn_completed
derpy_gg_svc_guild_loan_gen	wh_main_effect_economy_gdp_mod_all	faction_to_region_own	-10	start_turn_completed
derpy_gg_svc_industry_charter_gen	wh_dlc07_effect_economy_gdp_mod_industry	faction_to_region_own	20	start_turn_completed
derpy_gg_svc_treasury_seal_gen	wh_main_effect_force_all_campaign_upkeep	faction_to_force_own	-20	start_turn_completed
derpy_gg_svc_bought_peace_gen	wh_main_effect_public_order_events	faction_to_province_own	3	start_turn_completed
derpy_gg_svc_forced_march_gen	wh_main_effect_force_all_campaign_movement_range	force_to_force_own	20	start_turn_completed
derpy_gg_svc_drillmasters_gen	wh_main_effect_force_all_campaign_experience_base_all	faction_to_force_own	1	start_turn_completed
derpy_gg_svc_battle_standard_gen	wh_main_effect_force_stat_leadership	force_to_force_own	8	start_turn_completed
derpy_gg_svc_field_surgeons_gen	wh_main_effect_force_all_campaign_replenishment_rate	force_to_force_own	30	start_turn_completed
derpy_gg_svc_veteran_cadre_gen	wh_main_effect_force_all_campaign_experience_base_all	faction_to_force_own	3	start_turn_completed
derpy_gg_svc_ward_runes_gen	wh_main_effect_force_stat_ward_save	force_to_force_own	10	start_turn_completed
derpy_gg_svc_spirit_siphon_gen	wh3_main_effect_winds_of_magic_events	faction_to_force_own	5	start_turn_completed
derpy_gg_svc_forged_arms_gen	wh_main_effect_force_stat_weapon_strength	faction_to_force_own	10	start_turn_completed
derpy_gg_svc_master_gunners_gen	wh_main_effect_force_stat_missile_damage_artillery	faction_to_force_own	20	start_turn_completed
derpy_gg_svc_great_work_gen	wh_main_effect_technology_research_rate_mod	faction_to_faction_own	30	start_turn_completed
derpy_gg_svc_arsenal_gen	wh_main_effect_force_stat_missile_damage	faction_to_force_own	15	start_turn_completed
derpy_gg_svc_bribed_guards_gen	wh_main_effect_agent_action_success_chance	faction_to_character_own	15	start_turn_completed
derpy_gg_svc_blooded_agents_gen	wh_main_effect_agent_recruitment_xp_all_agents	faction_to_province_own	2	start_turn_completed
derpy_gg_svc_sow_discord_gen	wh_main_effect_public_order_events	region_to_province_own_unseen	-8	start_turn_completed
derpy_gg_svc_web_of_whispers_gen	wh2_main_effect_agent_cap_increase_all_heroes	faction_to_faction_own_unseen	1	start_turn_completed
derpy_gg_svc_poisoned_wells_gen	wh_main_effect_province_growth_events	region_to_province_own	-25	start_turn_completed
derpy_gg_svc_poisoned_wells_gen	wh_main_effect_force_all_campaign_replenishment_rate	region_to_force_own	-25	start_turn_completed
derpy_gg_svc_granaries_gen	wh_main_effect_province_growth_events	region_to_province_own	25	start_turn_completed
derpy_gg_svc_road_gangs_gen	wh_main_effect_force_all_campaign_movement_range	faction_to_force_own	10	start_turn_completed
derpy_gg_svc_enforcers_gen	wh_main_effect_public_order_events	region_to_province_own_unseen	6	start_turn_completed
derpy_gg_svc_fortify_gen	wh_main_effect_force_stat_melee_defence	region_to_force_own	10	start_turn_completed
derpy_gg_svc_fortify_gen	wh_main_effect_force_army_campaign_siege_defend_attrition	region_to_force_own	-20	start_turn_completed
derpy_gg_svc_master_builders_gen	wh3_main_effect_building_construction_time_add_mod_all	faction_to_region_own	-1	start_turn_completed
derpy_gg_svc_public_works_gen	wh_main_effect_public_order_events	faction_to_province_own	4	start_turn_completed
derpy_gg_svc_public_works_gen	wh_main_effect_province_growth_events	faction_to_province_own	30	start_turn_completed
derpy_gg_svc_raiding_parties_gen	wh_main_effect_force_all_campaign_raid_income	faction_to_force_own	50	start_turn_completed
derpy_gg_svc_captive_markets_gen	wh_main_effect_force_all_campaign_post_battle_loot_mod	faction_to_faction_own	20	start_turn_completed
derpy_gg_svc_slave_levy_gen	wh_main_effect_unit_recruitment_points	faction_to_province_own	1	start_turn_completed
derpy_gg_svc_pit_fights_gen	wh3_dlc20_effect_xp_gain_all_units	faction_to_force_own	25	start_turn_completed
derpy_gg_svc_great_hunt_gen	wh_main_effect_force_all_campaign_movement_range	faction_to_force_own	15	start_turn_completed
derpy_gg_svc_great_hunt_gen	wh_main_effect_force_all_campaign_raid_income	faction_to_force_own	50	start_turn_completed
derpy_gg_svc_scorched_earth_gen	wh_main_effect_economy_gdp_mod_all	region_to_region_own	-25	start_turn_completed
derpy_gg_svc_hashut_blessing_gen	wh_main_effect_force_stat_leadership	force_to_force_own	6	start_turn_completed
derpy_gg_svc_forge_sermons_gen	wh_main_effect_public_order_events	region_to_province_own_unseen	4	start_turn_completed
derpy_gg_svc_zeal_gen	wh_main_effect_force_stat_melee_attack	force_to_force_own	6	start_turn_completed
derpy_gg_svc_zeal_gen	wh_main_effect_force_stat_charge_bonus_pct	force_to_force_own	10	start_turn_completed
derpy_gg_svc_purge_unclean_gen	wh3_main_effect_corruption_reduction_events	region_to_province_own_unseen	-6	start_turn_completed
derpy_gg_svc_anathema_gen	wh_main_effect_public_order_events	region_to_province_own_unseen	-6	start_turn_completed
derpy_gg_svc_holy_war_gen	wh_main_effect_force_stat_leadership	faction_to_force_own	6	start_turn_completed
derpy_gg_svc_holy_war_gen	wh_main_effect_force_all_campaign_replenishment_rate	faction_to_force_own	10	start_turn_completed
derpy_gg_svc_miracle_gen	wh_main_effect_force_stat_leadership	force_to_force_own	10	start_turn_completed
derpy_gg_svc_consecration_gen	wh_main_effect_public_order_events	faction_to_province_own	4	start_turn_completed
derpy_gg_svc_consecration_gen	wh3_main_effect_corruption_reduction_events	faction_to_province_own	-3	start_turn_completed
derpy_gg_seat_brass	wh_main_effect_economy_gdp_mod_all	faction_to_region_own	5	start_turn_completed
derpy_gg_seat_immortals	wh_main_effect_force_all_campaign_replenishment_rate	faction_to_force_own	5	start_turn_completed
derpy_gg_seat_daemonsmiths	wh_main_effect_technology_research_rate_mod	faction_to_faction_own	2	start_turn_completed
derpy_gg_seat_khanate	wh_main_effect_agent_recruitment_xp_all_agents	faction_to_province_own	1	start_turn_completed
derpy_gg_seat_overseers	wh_main_effect_building_construction_cost_mod	faction_to_region_own	-5	start_turn_completed
derpy_gg_seat_slavers	wh_main_effect_force_all_campaign_post_battle_loot_mod	faction_to_faction_own	10	start_turn_completed
derpy_gg_seat_temple	wh_main_effect_force_stat_magic_resistance	faction_to_force_own	5	start_turn_completed
derpy_gg_seat_brass_emp	wh_main_effect_economy_gdp_mod_all	faction_to_region_own	5	start_turn_completed
derpy_gg_seat_immortals_emp	wh_main_effect_force_all_campaign_replenishment_rate	faction_to_force_own	5	start_turn_completed
derpy_gg_seat_daemonsmiths_emp	wh_main_effect_technology_research_rate_mod	faction_to_faction_own	2	start_turn_completed
derpy_gg_seat_khanate_emp	wh_main_effect_agent_recruitment_xp_all_agents	faction_to_province_own	1	start_turn_completed
derpy_gg_seat_overseers_emp	wh_main_effect_building_construction_cost_mod	faction_to_region_own	-5	start_turn_completed
derpy_gg_seat_slavers_emp	wh_main_effect_force_all_campaign_post_battle_loot_mod	faction_to_faction_own	10	start_turn_completed
derpy_gg_seat_temple_emp	wh2_dlc14_effect_magic_cost_all_lores_percentage	faction_to_force_own	-5	start_turn_completed
derpy_gg_seat_brass_dwf	wh_main_effect_economy_gdp_mod_all	faction_to_region_own	5	start_turn_completed
derpy_gg_seat_immortals_dwf	wh_main_effect_force_all_campaign_replenishment_rate	faction_to_force_own	5	start_turn_completed
derpy_gg_seat_daemonsmiths_dwf	wh_main_effect_technology_research_rate_mod	faction_to_faction_own	2	start_turn_completed
derpy_gg_seat_khanate_dwf	wh_main_effect_agent_recruitment_xp_all_agents	faction_to_province_own	1	start_turn_completed
derpy_gg_seat_overseers_dwf	wh_main_effect_building_construction_cost_mod	faction_to_region_own	-5	start_turn_completed
derpy_gg_seat_slavers_dwf	wh_main_effect_force_all_campaign_post_battle_loot_mod	faction_to_faction_own	10	start_turn_completed
derpy_gg_seat_temple_dwf	wh_main_effect_force_stat_leadership	faction_to_force_own	3	start_turn_completed
derpy_gg_seat_brass_brt	wh_main_effect_economy_gdp_mod_all	faction_to_region_own	5	start_turn_completed
derpy_gg_seat_immortals_brt	wh_main_effect_force_all_campaign_replenishment_rate	faction_to_force_own	5	start_turn_completed
derpy_gg_seat_daemonsmiths_brt	wh_main_effect_technology_research_rate_mod	faction_to_faction_own	2	start_turn_completed
derpy_gg_seat_khanate_brt	wh_main_effect_agent_recruitment_xp_all_agents	faction_to_province_own	1	start_turn_completed
derpy_gg_seat_overseers_brt	wh_main_effect_building_construction_cost_mod	faction_to_region_own	-5	start_turn_completed
derpy_gg_seat_slavers_brt	wh_main_effect_force_all_campaign_post_battle_loot_mod	faction_to_faction_own	10	start_turn_completed
derpy_gg_seat_temple_brt	wh_main_effect_agent_recruitment_xp_wizard_bretonnia	faction_to_province_own	2	start_turn_completed
derpy_gg_seat_brass_cth	wh_main_effect_economy_gdp_mod_all	faction_to_region_own	5	start_turn_completed
derpy_gg_seat_immortals_cth	wh_main_effect_force_all_campaign_replenishment_rate	faction_to_force_own	5	start_turn_completed
derpy_gg_seat_daemonsmiths_cth	wh_main_effect_technology_research_rate_mod	faction_to_faction_own	2	start_turn_completed
derpy_gg_seat_khanate_cth	wh_main_effect_agent_recruitment_xp_all_agents	faction_to_province_own	1	start_turn_completed
derpy_gg_seat_overseers_cth	wh_main_effect_building_construction_cost_mod	faction_to_region_own	-5	start_turn_completed
derpy_gg_seat_slavers_cth	wh_main_effect_force_all_campaign_post_battle_loot_mod	faction_to_faction_own	10	start_turn_completed
derpy_gg_seat_temple_cth	wh_main_effect_technology_research_points	faction_to_faction_own_unseen	5	start_turn_completed
derpy_gg_seat_brass_ksl	wh_main_effect_economy_gdp_mod_all	faction_to_region_own	5	start_turn_completed
derpy_gg_seat_immortals_ksl	wh_main_effect_force_all_campaign_replenishment_rate	faction_to_force_own	5	start_turn_completed
derpy_gg_seat_daemonsmiths_ksl	wh_main_effect_technology_research_rate_mod	faction_to_faction_own	2	start_turn_completed
derpy_gg_seat_khanate_ksl	wh_main_effect_agent_recruitment_xp_all_agents	faction_to_province_own	1	start_turn_completed
derpy_gg_seat_overseers_ksl	wh_main_effect_building_construction_cost_mod	faction_to_region_own	-5	start_turn_completed
derpy_gg_seat_slavers_ksl	wh_main_effect_force_all_campaign_post_battle_loot_mod	faction_to_faction_own	10	start_turn_completed
derpy_gg_seat_temple_ksl	wh3_main_effect_agent_recruitment_xp_ksl_frost_maiden	faction_to_province_own_unseen	2	start_turn_completed
derpy_gg_seat_brass_def	wh_main_effect_economy_gdp_mod_all	faction_to_region_own	5	start_turn_completed
derpy_gg_seat_immortals_def	wh_main_effect_force_all_campaign_replenishment_rate	faction_to_force_own	5	start_turn_completed
derpy_gg_seat_daemonsmiths_def	wh_main_effect_technology_research_rate_mod	faction_to_faction_own	2	start_turn_completed
derpy_gg_seat_khanate_def	wh_main_effect_agent_recruitment_xp_all_agents	faction_to_province_own	1	start_turn_completed
derpy_gg_seat_overseers_def	wh_main_effect_building_construction_cost_mod	faction_to_region_own	-5	start_turn_completed
derpy_gg_seat_slavers_def	wh_main_effect_force_all_campaign_post_battle_loot_mod	faction_to_faction_own	10	start_turn_completed
derpy_gg_seat_temple_def	wh2_main_effect_agent_cap_increase_def_death_hag	faction_to_faction_own_unseen	1	start_turn_completed
derpy_gg_seat_brass_hef	wh_main_effect_economy_gdp_mod_all	faction_to_region_own	5	start_turn_completed
derpy_gg_seat_immortals_hef	wh_main_effect_force_all_campaign_replenishment_rate	faction_to_force_own	5	start_turn_completed
derpy_gg_seat_daemonsmiths_hef	wh_main_effect_technology_research_rate_mod	faction_to_faction_own	2	start_turn_completed
derpy_gg_seat_khanate_hef	wh_main_effect_agent_recruitment_xp_all_agents	faction_to_province_own	1	start_turn_completed
derpy_gg_seat_overseers_hef	wh_main_effect_building_construction_cost_mod	faction_to_region_own	-5	start_turn_completed
derpy_gg_seat_slavers_hef	wh_main_effect_force_all_campaign_post_battle_loot_mod	faction_to_faction_own	10	start_turn_completed
derpy_gg_seat_temple_hef	wh_main_effect_force_stat_magic_resistance	faction_to_force_own	5	start_turn_completed
derpy_gg_seat_brass_skv	wh_main_effect_economy_gdp_mod_all	faction_to_region_own	5	start_turn_completed
derpy_gg_seat_immortals_skv	wh_main_effect_force_all_campaign_replenishment_rate	faction_to_force_own	5	start_turn_completed
derpy_gg_seat_daemonsmiths_skv	wh_main_effect_technology_research_rate_mod	faction_to_faction_own	2	start_turn_completed
derpy_gg_seat_khanate_skv	wh_main_effect_agent_recruitment_xp_all_agents	faction_to_province_own	1	start_turn_completed
derpy_gg_seat_overseers_skv	wh_main_effect_building_construction_cost_mod	faction_to_region_own	-5	start_turn_completed
derpy_gg_seat_slavers_skv	wh_main_effect_force_all_campaign_post_battle_loot_mod	faction_to_faction_own	10	start_turn_completed
derpy_gg_seat_temple_skv	wh3_main_effect_corruption_skaven_events	faction_to_province_own	2	start_turn_completed
